"ID","UID","NAMEID","SPUSERID","PNID","FIRSTNAME","LASTNAME","EMAIL","STATUS","TYPE_ID","AUTHENTICATION_ID","ACTIVATEDAT","CREATEDAT","CREATEDBY","CREATEDBYOBT","CHANGEDAT","ORGANIZATIONTYPE","INVITINGMAHPNID","ORG_ID"
"8ad9e3fe-dd33-46f4-91c3-f81f58795ded","d79b1cf4-8fa3-4245-a440-ec7eaed85021","P005537","70505E4D-F5A8-463F-AF7F-8925035F8E3C","PNSAP_6001","Kedar","Kulkarni","kedar.user3@gmail.com","Active","2","P005537","2022-01-07 08:58:59.829000000","2022-01-07 08:56:36.228000000",,"false",,"PNSAP_6001",,
"5f67c753-67d9-44c5-9712-8cc00eb2b00e","86d15bfe-795b-42fc-b055-9e8758811a5c","P006440","Portal:12532348-9B50-491A-92D7-FFA514D96CAD","NonUSSC","Non","USSC","non.ussctest@mailinator.com","Active","1","P006440","2022-05-11 16:02:16.610000000","2022-05-11 15:59:09.792000000","P003211","true",,,,"NonUSSC"
"30366572-f97b-4b7a-b65e-37e03e0f1df0","d9ec1e0f-079f-48d5-8c11-5c8dc7f12d70","P005569","10E508BC-2029-4D8B-B3E9-98FFAD30FF70","PNSAP_6001","Test","User","test.user1@gmail.com","Active","2","P005569","2022-01-11 15:36:46.221000000","2022-01-11 15:32:42.249000000",,"false",,"PNSAP_6001",,
"d404b0e7-f7fc-47b5-9d96-ab464656bc0e","d900c743-43ed-4b9f-ba96-2bf07c96ee7d","P006441","Portal:635CD94A-3680-4633-960C-2E44BB48AC19","NonUSSC","Brazil","Usertest","brazil.usertest@mailinator.com","Active","1","P006441","2022-05-11 16:12:17.456000000","2022-05-11 16:07:48.282000000","P003211","true",,,,"NonUSSC"
"cfce1a34-91ce-43f6-9639-c2f8b181ad68","52d5691e-5648-4da0-b9bd-07457aa9c4f3","P005682","60494DCC-7680-4DC3-8D36-66A9C8AD04C0","PNCONTRACTMAN20160812","asd","asd","asdasd@sdasdsa.com","Active","1","P005682","2022-01-21 07:50:47.053000000","2022-01-21 07:46:39.405000000",,"false",,"PNCONTRACTMAN20160812",,
"228b763d-41c6-4cb4-b835-b762561d4df7","dc9423b1-029a-45da-b2ec-a2c046ed6279","P005081","06564319-8892-47A9-BF3E-A070CDDDA9E3","PNCUSTOMER002","Customer2","User","customer2user@mailitor.com","Active","1","P005081","2021-09-16 08:32:53.184000000",,,"false","2021-09-16 08:52:28.939000000",,,
"64f2a425-d349-4c8b-a323-fb7dd9b140cb","c4aace8d-7bb9-4884-aa08-c4e65429db0d","P005083","96F79A4D-6DA0-46A1-8BE5-1C249C2BE0C4","BP_20210823051612","BP","TestUser","testuser105@mailinator.com","Active","2","P005083","2021-09-16 09:30:55.929000000","2021-09-16 09:30:38.905000000",,"false","2021-09-16 09:31:17.786000000",,,
"e70bdb0d-3e15-4c2b-8963-26851b772e09","08238d0b-77b9-49e3-877b-521e9e1ab0ae","P006624","Portal:B00126DD-4441-4421-9156-9B2136E5ECCE,PBC:2A65E675-40DC-4FDF-80C0-21CB69C6BC51","TestJune2022","test","june72022","june22.test@mailinator.com","Active","1","P006624","2022-06-07 15:01:47.015000000","2022-06-07 15:00:29.720000000","P004762","true",,,,"TestJune2022"
"b0effbd7-d23a-4fac-9236-822e557f34b6","d8c062b5-3ecf-4df6-9004-7f1c88c7ed1f","P006633","Portal:DCC1265E-5D4B-466A-A22E-C1301B0F17B0,PBC:42613B4D-4458-4401-86B4-13AAE429E3A8","USDSCSA001","Grady","Lv","grady.lv@sap.com","Active","1","P006633","2022-06-09 06:08:50.996000000","2022-06-09 06:05:43.482000000","P003211","false","2022-06-15 05:41:52.455000000",,,"USDSCSA001"
"3d58ab2b-f69a-4e55-a5c1-4aa0db5e4e2c","eeff4db6-32dc-4898-b132-f3570b973c41","P005238","BE4CC05F-DA23-4230-A28E-2FBF2259CAFB","PNCUSTOMER002","Neha","Testing","nehatesting@mailinator.com","Active","2","P005238","2021-10-11 15:42:38.943000000","2021-10-11 15:40:45.257000000",,"false",,,,"PNCUSTOMER002"
"48a3da4a-b52d-4fce-aa3c-b3bb54b3d296","af137b86-6f22-4048-ba9f-5e574104b0c3","P005894","2D4EE3B7-D1A7-43FD-AEFF-9C22C643B27F","sadasdsa","m","mm","mm@gmail.com","Active","1","P005894","2022-02-01 01:12:33.192000000","2022-02-01 01:09:17.782000000",,"false",,"sadasdsa",,
"f5d64098-d806-4477-9eee-758df9512455","e5a6ccd8-aece-4df0-8c87-df364bd5d9ba","P005605","84E24FEA-CDAF-47E5-A13C-B77C3FFDE8F4","TEST_O1","TESTERO1","TESTING","TESTINGO1@GMAIL.COM","Active","1","P005605","2022-01-18 06:46:07.258000000",,,"false",,,,
"af2713cc-4537-4c1e-8ead-db6d46f935ac","c8992f00-4d27-4791-8b90-327862b5296f","P005603","77289E28-9D53-4C63-9F5B-973ED07848CA","O2","TEST2","Testing","tester2@gmail.com","Active","1","P005603","2022-01-17 16:53:18.969000000",,,"false",,,,
"957caed2-4b07-4646-bdb0-1711218564cc","9da377e6-523a-4411-bd16-13450ba07225","P006634","Portal:0F044445-6B76-4D39-A0E8-3351E8108D91,PBC:40218D2A-B122-4E5B-AE58-CB51856C9FD6","USDSCSA001","kedar","Kulkarni","kedar.kulkarni2@mailinator.com","Active","1","P006634","2022-06-09 08:38:52.583000000","2022-06-09 08:35:32.550000000","P003211","false",,,,"USDSCSA001"
"636a55f5-fc54-4ab9-9cfb-7ba2298e5993","a8f8fbf1-7be3-4cbb-b092-ca2104eb5cae","P006601","Portal:82843E3C-32D0-4D7F-B77D-9827BD23DCAD","NK_TEST_USSC_ORG","test","user","nktestusscorguser@mailinator.com","Active","1","P006601","2022-06-06 12:46:34.348000000","2022-06-06 12:43:57.069000000","P004757","true","2022-06-10 07:32:16.378000000",,,"NK_TEST_USSC_ORG"
"b82222aa-be06-4efa-9d3b-779c3a5466e4","6471e31f-0c80-4d6d-a815-bacfa13c52c8","P006644","Portal:89DAA939-02C0-47C7-9C58-9EDF429C5A1D,PBC:FBC8B13A-DCEF-4CC0-AFA3-15E63857F85A","PNTESTORGNK001","nk","test001","nk.test001@mailinator.com","Active","1","P006644","2022-06-10 07:41:59.387000000","2022-06-10 07:37:00.015000000","P004757","true","2022-06-10 09:17:26.724000000",,,"PNTESTORGNK001"
"1fd139c1-49a0-4be3-9ff7-e89c50c6008c","6602dc50-3b36-4567-b770-39b591ab39e3","P006645","Portal:E61FD7F5-8F8D-40A3-84BE-078045B3863F,PBC:E08786A9-35DE-4B5D-B9F7-027D2F3FC242","TESTPNID","first","last","devtest@mailnesia.com","Active","1","P006645","2022-06-10 11:22:01.297000000","2022-06-10 11:20:38.399000000","P004757","true","2022-06-13 05:54:16.796000000",,,"TESTPNID"
"94cba543-5918-46b6-87ab-5797bb7db7fa","b58434b0-f903-46ba-b016-a5a99b814aa6","P006657","Portal:D0CC0A23-63EB-4E86-BD76-38DDF1B94753,PBC:8C68B09D-53B1-4ABD-8CF1-26E746BFA54A","USSC_VRS","US","VRS","us.vrs1@mailinator.com","Active","1","P006657","2022-06-13 10:46:37.315000000","2022-06-13 10:44:30.160000000","P004762","true","2022-06-13 10:50:06.805000000",,,"USSC_VRS"
"bc781941-552b-4e19-9041-086d98494a11","e6b334a5-ca6f-4168-ae3b-fc3b688c9c09","P005895","3CA0D64C-F93D-4B84-BF81-8858D4B209E9","PNNOVARTIS20160811","ol","olast","ol@gmail.com","Active","1","P005895","2022-02-01 01:12:33.673000000","2022-02-01 01:10:08.336000000",,"false","2022-02-01 20:16:37.498000000","PNNOVARTIS20160811",,
"cecc34eb-751f-4a59-aad5-8878cdba65e2","0b54c29e-d846-400b-86cd-5d7c1b9b152e","P006661","Portal:CE13AA3F-A967-4740-A2C2-996C3D763761,PBC:B6D73ED4-3AE8-418B-B019-CF6FAC6492F3","USDSCSA001","Lv","Grady","grady.lv@mailinator.com","Active","1","P006661","2022-06-15 05:55:51.993000000","2022-06-15 05:51:51.457000000","P006633","false",,,,"USDSCSA001"
"2879fa13-daac-4091-b354-1bfc40424a9b","e9f451a6-234d-4274-bd59-0f82ff1a47fd","P005733","2DE20C06-DE0B-4204-85D7-B82FCD2A86BE","PN-123456","MN","User","mninv2user@mailinator.com","Active","3","P005733","2022-01-24 06:00:57.700000000","2022-01-24 05:59:26.712000000",,"false",,,,
"bd574aed-9d8b-477a-b917-2e3d9e4a8d20","e7bc2649-51f8-408c-900f-0f8ea399e176","P005735","417EB02A-F0F2-4B3D-B214-476E6882C09B","MNCORP_20220124063543","MN","User","mninv1user@mailinator.com","Active","3","P005735","2022-01-24 06:35:58.686000000","2022-01-24 06:35:43.625000000",,"false",,,,
"e7a579b0-9a6c-4cd0-8b33-879a8c3bfdea","5d97c273-23d3-4d12-a2ec-b7046bf7f78f","P005742","2B7A8E1C-A98F-4463-AEB5-60AB8B0F9F97","PNCONTRACTMAN20160812","b","n","bn@gmail.com","Active","1","P005742","2022-01-24 11:16:01.375000000","2022-01-24 11:11:17.961000000",,"false",,"PNCONTRACTMAN20160812",,
"a8167c80-c6ee-4eaa-a39a-ddd679843c1a","dde1a381-57cb-4e98-be6a-871bca72a5aa","P005743","617C8660-5629-4C01-B8E2-0FCB3EAE0749","PNNOVARTIS20170955","o3","test","o3@mailinator.com","Active","1","P005743","2022-01-24 11:16:02.124000000","2022-01-24 11:15:49.823000000",,"false",,"PNNOVARTIS20170955",,
"b15e4c2d-2fce-488b-a5f6-00c7d9be2e53","ebcc0423-987a-4bf4-8c61-a5f96fa65a06","P005744","FC9B3D8E-CAFF-49FC-AC8B-EEB49FFE70AC","PNNOVARTIS20170955","o4","test","o4@mailinator.com","Active","1","P005744","2022-01-24 11:26:02.770000000","2022-01-24 11:21:20.015000000",,"false",,"PNNOVARTIS20170955",,
"a1b5550a-f49d-4d63-84f7-bc19e59deb78","0680bfc2-e985-4754-941d-2ba4ac4ec735","P005750","19D088DD-0C7A-427E-9F9B-38D64157F491","PNNOVARTIS20170955","o45","test","o45@mailinator.com","Active","1","P005750","2022-01-24 12:16:03.840000000","2022-01-24 12:12:31.815000000",,"false",,"PNNOVARTIS20170955",,
"d94fe21c-c391-4b50-aaa5-f3afdf744411","274ce9cb-aac5-4e09-8b6e-a981e778e3d2","P006665","Portal:F5FD6113-1F20-4CE9-967B-A7C1B76A4E61,PBC:194711AC-C552-4323-9CBC-AE65592E384E","USSC_VRS_MAH","US","MAH","us.vrs2@mailinator.com","Active","1","P006665","2022-06-16 06:38:41.496000000","2022-06-16 06:35:11.777000000","P004762","true","2022-06-16 06:42:49.940000000",,,"USSC_VRS_MAH"
"ca2c161b-0521-460c-8adf-8631971bda9e","825dcfe7-1936-47c2-a38c-e065e8fc23dd","P005903","BA6D4887-8619-4A89-A7E2-6BC4171B39A2","sfdrewqrdsad","test7kb","kblast7","krishmabhatia@gmail.com","Active","2","P005903","2022-02-01 18:49:08.618000000","2022-02-01 18:45:46.757000000",,"false",,"sfdrewqrdsad",,
"9ed86777-9f69-453c-8ab2-07d75b6d69c7","3ce0ddff-127b-4696-87a9-841e7e0ffa11","P006692","Portal:B26A200E-9470-4196-808E-D71AB7ABAD09,PBC:FEF4D1A3-956A-4A83-A08A-95DE04D0B30B","USDISP_20220623041052","US","Dispenser20","us.dispenser20@mailinator.com","Active","3","P006692","2022-06-23 04:12:08.175000000","2022-06-23 04:10:53.035000000",,"true","2022-06-23 04:32:46.800000000",,,"USDISP_20220623041052"
"f7f98aab-0c34-4f43-8833-a992a9067e35","591b5e36-305a-40a3-ba73-d777221f7d57","P005875","4754DE64-B39D-4433-9019-177BAE94CAAD","MNCORP_20220124063542","krishtesting67","test","krishtesting67@mailinator.com","Active","3","P005875","2022-01-30 16:55:12.658000000","2022-01-30 16:51:14.707000000",,"false",,"MNCORP_20220124063542",,
"0b742690-f765-41a5-96aa-457af94f4845","3b578fa0-e692-4318-b777-ba08628b344f","P005890","B65E501F-372F-4632-A765-F752518047ED","1223","tetser54545","tetetsfd53543","tessd@gmail.com","Active","1","P005890","2022-01-31 10:18:16.137000000","2022-01-31 10:15:00.469000000",,"false",,"1223",,
"89e3efed-9fbb-424b-a12f-e9f810204b7f","2e7f2ade-9a19-4474-9664-8d49f99ae150","P005912","14048EA1-8D6D-4C60-8AA6-670E6BF1C745","PNBRICHCUST002","lop","loplast","lop@gmail.com","Active","1","P005912","2022-02-03 05:42:38.437000000","2022-02-03 05:40:51.798000000",,"false",,"PNBRICHCUST002",,
"5a1a7d6b-eefb-4e23-8cd6-99ca4b858011","de0bd036-16b6-4737-b4ac-8ad183a3c1c1","P005910","EE4D23CB-AEB0-4B00-9A65-FD920B89329F","Test","tipni","tipnilast","tipni@gmail.com","Active","1","P005910","2022-02-02 10:05:22.535000000","2022-02-02 10:00:45.708000000",,"false",,"Test",,
"64552e92-60e6-4dfc-a2df-3bab719fce28","e7e84ce6-ad51-46ce-b44d-9b2b435bae77","P005967","9D8ABAFE-564C-4893-B713-A9DCBFD8BD42","8909","kbdevtest","kblastets","kbdevtest@gmail.com","Active","1","P005967","2022-02-10 10:54:11.974000000","2022-02-10 10:52:23.761000000",,"false",,"8909",,
"94f944b1-66ce-421a-bfd4-f8ed6a297f12","34be0796-a3b0-4669-b0c0-5fbbd044b5e9","P005970","FC73427B-2A69-4892-99C7-FB5A31BFBBF3","909","vkopl","opltest","vkopl@gmail.com","Active","1","P005970","2022-02-11 06:19:16.646000000","2022-02-11 06:14:35.215000000",,"true",,"909",,"909"
"66c09372-3013-43a1-872a-fedca832579c","72b27c66-606f-4a7d-8a16-145c30322a01","P005973","77C5AAF8-E3EA-4A88-A53F-3836CE6CB6B9","909","opaz","qabh","opaz@gmail.com","Active","1","P005973","2022-02-11 08:24:14.751000000","2022-02-11 08:21:00.270000000",,"true",,"909",,"909"
"d93b2c27-7fdb-4cf0-b105-418c9d569773","d73a01cd-e722-43bb-b685-50eee7ed7b07","P006709","Portal:9E90B54B-95F6-46A7-A71B-A3B65FBD8B0B,PBC:FCD0B315-429A-4D9A-8A7A-FAF746FAFF2A","June26Test","Test","June27","test.june27@mailinator.com","Active","1","P006709","2022-06-27 09:51:45.004000000","2022-06-27 09:48:29.237000000","P004762","true",,,,"June26Test"
"06ce1b28-607f-409f-a0ed-dbbfbb938c0b","715d3b3a-583d-4a04-bf08-47119194fd29","P006710","Portal:7CC03C73-1AB8-47B6-BE68-A7D8F3A0EA09,PBC:B5964A10-DE95-4BA3-92FD-A7CC786E64D5","USDSCSA001","test","test","testuser_27@mailinator.com","Active","1","P006710","2022-06-27 12:41:46.618000000","2022-06-27 12:38:36.253000000","P004884","false","2022-06-27 12:47:30.753000000",,,"USDSCSA001"
"14ef1400-3e43-447a-b065-490055205b1f","e97a0939-2f92-495a-9bfe-a6c5461c21f1","P005085","Portal:43AA3DA1-6BD8-4B5B-BC06-19654A42FCE5,PBC:945948BF-EF01-4137-916E-8D16AA59806D","USDSCSA001","Manjunath","jn","m.jn@sap.com","Active","1","P005085","2022-06-29 08:26:55.519000000","2022-06-29 08:24:18.001000000","P003211","false",,,,"USDSCSA001"
"19c474bb-d65c-42ab-b1b4-2e262fc7d6f8","c68b585c-2d73-42e3-b9d8-b29adf95ba72","P006748","Portal:D9E40ABE-5672-42B2-87B4-6F17FCDA5683,PBC:0CDC0532-9642-4DFB-B311-BEB395ED427A","TESTIN_20220708103742","test","lv","test.lv@mailinator.com","Active","3","P006748","2022-07-08 10:42:37.165000000","2022-07-08 10:37:43.017000000",,"true","2022-07-08 10:47:59.517000000",,,"TESTIN_20220708103742"
"17967474-77fd-4d78-9a56-2cd9835a454a","166fac13-1268-46e2-a2fd-79ae5d9f2e21","P006753","Portal:B1B6FB5B-2498-415C-936E-CE2F924F6B4C,PBC:5B0AD445-3AC4-4F49-9579-1D7C23DE62E6","TESTTP_20220711051553","Test","TPI","test.tpi@mailinator.com","Active","3","P006753","2022-07-11 05:18:36.569000000","2022-07-11 05:15:54.907000000",,"true","2022-07-11 05:22:30.677000000",,,"TESTTP_20220711051553"
"481cde87-afee-4611-bd9a-6d903311cdd0","16667d3f-768b-4d27-a332-0921189d6bb6","P006762","Portal:2A2F3EF8-59B6-4AE2-9899-E8B1E5A9E2FB,PBC:031D5CA1-035E-48F6-B814-5A8D14F3E078","TESTTP_20220711061956","Test","TPI2","test.tpi2@mailinator.com","Active","3","P006762","2022-07-11 06:23:38.817000000","2022-07-11 06:19:56.445000000",,"true","2022-07-11 06:27:45.502000000",,,"TESTTP_20220711061956"
"ac00fcf5-9516-4459-9545-d014df20f914","e61604af-1ff7-4bf6-82a2-c11dad9399f9","P006761","Portal:920E3547-2902-47C0-B691-6DEB8A166487,PBC:B272AA42-73D2-4F9B-84E6-E9B066FB02D3","CHENQI_20220711061305","grady","test","grady.test@mailinator.com","Active","3","P006761","2022-07-11 06:13:37.720000000","2022-07-11 06:13:05.471000000",,"true","2022-07-11 07:09:21.980000000",,,"CHENQI_20220711061305"
"34f2e631-15cf-41e2-a35d-508bf7d8b69b","7ab01298-d632-4471-a80f-2ef86dc84c0e","P006763","Portal:EDBAF3E2-374F-4E68-85AF-1E9876849111,PBC:A5F1BCC6-8687-4BE9-B126-6F037EBDC7BB","JIAOHA_20220711073138","dan","jia","dan.jia@mailinator.com","Active","3","P006763","2022-07-11 07:33:40.272000000","2022-07-11 07:31:38.432000000",,"true","2022-07-11 08:10:45.364000000",,,"JIAOHA_20220711073138"
"f450c313-9268-418e-ad51-e004b84dd2dc","af687d07-9800-4d4b-bbd6-bc8d0de6f07a","P006764","Portal:2063B12B-1663-4A95-B7D6-26480A2AE0ED,PBC:38884269-F168-4B85-BB67-951921C96654","CANGSH_20220711085055","shan","cang","cang.shan@mailinator.com","Active","3","P006764","2022-07-11 08:53:41.524000000","2022-07-11 08:50:55.953000000",,"true","2022-07-11 08:59:43.129000000",,,"CANGSH_20220711085055"
"6c202bc5-bf52-4ec0-97f0-72a052694d80","53e7ad73-e5fe-4a69-8e40-c73401e8e96f","P006765","Portal:CFED65A6-48E4-4EE8-B315-06E26BD498E0,PBC:57152798-0D39-4021-BFAE-5BF41C020ADB","AAA_20220711103929","hao","ni","ni.hao@mailinator.com","Active","3","P006765","2022-07-11 10:43:42.686000000","2022-07-11 10:39:30.341000000",,"true","2022-07-11 12:24:44.623000000",,,"AAA_20220711103929"
"516b72df-713b-487d-8c8c-c68664652c04","0997c8c6-fc79-4b0d-ab94-12a161b286c2","P004501","","ABC_20210625045256","first","last","bp01invuser@mailinator.com","Migrated","3","P004501","2021-06-25 04:56:44.359000000","2021-06-25 04:52:56.994000000",,"false",,,,"ABC_20210507071157"
"0e24548a-c0d4-4319-8830-76bb9b3c6dae","ef7bee76-d084-47cb-9dae-bf34f0817b5c","P006766","Portal:32D53297-87EB-4A92-92DA-6CC0D3BC591D,PBC:906451FD-1043-4C71-AE8B-D8BA5075F349","AAA_20220711103929","ni","hao1","ni.hao1@mailinator.com","Active","3","P006766","2022-07-12 08:13:47.169000000","2022-07-12 08:12:05.659000000","P006765","false","2022-07-12 08:19:00.430000000",,,"AAA_20220711103929"
"39427c19-da25-48db-9ab3-7706e52f7d6a","05f0c9bd-2ba7-43cb-95ce-f61eb6f36da3","P004371","476A3C0D-763F-4974-88B6-8906988CDF2C","PN-9876543210","test1","testsec","sec1@sec.com","Inactive","2","P004371","2021-03-29 07:24:36.232000000","2021-03-25 09:16:37.168000000",,"false","2021-04-21 06:00:14.949000000",,,
"dbf6148a-a9bd-4413-a56f-798db2bf262b","4ec9e958-78dd-4428-8c79-7e8acae22624","P006767","Portal:F6FD3177-C820-4825-8B42-F4B41967EBDF,PBC:E7836275-22A0-49D3-BBAC-4C1AB182FAA6","TESTCO_20220712160715","Connection","Type","connection.type@mailinator.com","Active","3","P006767","2022-07-12 16:08:50.079000000","2022-07-12 16:07:15.673000000",,"true","2022-07-12 16:34:55.918000000",,,"TESTCO_20220712160715"
"604ee22d-05c9-4523-b09f-25e29e6da8d9","19f50240-8735-42f4-9c32-e6fc56ce307c","P004375","9DC8CDF6-C0C3-430A-9B79-80125FFF135B","PN-9876543210","Friday test","Test","sdhhjdydss@gmail.com","Active","2","P004375","2021-03-29 07:24:39.056000000","2021-03-26 04:52:27.497000000",,"false","2021-05-03 10:14:27.006000000",,,
"ea41f5ec-33c0-423c-8054-9e00030dd06e","ca7231ad-b603-4444-8d6e-36145f160c35","P003233","E4185DF6-8D1D-437A-9EA4-EBA8B8DBEF8D","PN-9876543210","GDDF","DSDSD","SDDSBTE@TEST.COM","Active","2","P003233","2021-03-24 10:01:13.530000000","2021-03-24 09:58:00.607000000",,"false",,,,
"419c5f96-b1aa-4789-a309-4ac727615bb0","ccb75237-a1cb-446e-9e95-df8eb3ccf086","P004464","166FE330-839B-4ACD-93A2-797B0C58109B","PN-9876543210","User","4","UserMgmtAppTest4@GMAIL.COM","Active","2","P004464","2021-05-03 10:30:08.067000000","2021-05-03 10:27:27.215000000",,"false",,,,
"73087588-d187-4c4f-9197-f67148bc9655","e72a997d-5632-4acc-9423-b572e488c17d","P004372","CF231453-1D27-4469-A757-E5BE358B3FF0","PN-9876543210","Security","Test1","naveedahmedupwork@gmail.com","Active","2","P004372","2021-03-29 07:24:37.006000000","2021-03-25 14:21:57.169000000",,"false",,,,
"0c3c3334-879f-4d39-b906-78df908a01c4","70a130a6-e6e4-4fc2-baa3-e4454d1f2909","P003158","7DDE16AD-29EE-48AD-AAAB-7E0753E98090","PN-1234567890","Rishi","Keshari","rishikeshari11@gmail.com","Active","2","P003158","2021-03-01 04:45:36.183000000","2021-03-01 04:43:30.645000000",,"false","2021-03-02 07:20:12.315000000",,,
"ac8d1733-47ec-4643-a779-81cfe7d54fd6","a38129c8-2958-4f7c-aee1-a4bb30906d97","P003172","4452BF9E-3842-48D4-A2E2-D40D8D6BB2F9","PN-1234567890","Carol","Li","Carol.li01@sap.com","Active","2","P003172","2021-03-05 05:18:44.290000000","2021-03-05 05:17:35.563000000",,"false","2021-03-05 05:20:16.595000000",,,
"63beed26-72c3-4785-8c38-5818aee8a2e5","8f7810dc-adf0-4d05-9993-c6fe1bb3f207","P003173","346B7787-73ED-4D8A-A347-A9155AA9117F","PN-1234567890","Alva","Li","alva.li@gmail.com","Active","2","P003173","2021-03-05 05:23:45.263000000","2021-03-05 05:21:26.216000000",,"false","2021-03-05 05:52:40.857000000",,,
"cd7a3822-85f2-47a3-9565-9c5b6e7bd2b6","b9371d20-25c8-46ba-8d2d-deddc7c4111c","P003174","504A63EB-24E8-41D4-B7B4-8B441D535FE2","PN-1234567890","Karl","Zhang","Karl.zhang@gmail.com","Active","2","P003174","2021-03-05 06:53:46.525000000","2021-03-05 06:50:28.004000000",,"false",,,,
"ae3514de-e4b7-43e1-a042-d4f77830d08c","24cf67d5-40e1-4457-97cc-2cee2288eeb1","P003175","BA47F5D4-455D-44CD-B059-91D760CC38AE","PN-1234567890","Karl02","Zhang","Karl02.zhang@gamil.com","Active","2","P003175","2021-03-05 07:28:47.674000000","2021-03-05 07:25:10.590000000",,"false",,,,
"a0d5e357-6e07-43ac-a583-c16dc4f3d341","5fd5dba9-d54f-4413-9594-64c70e05f441","P004373","D6CD38A3-C0AC-44AD-B8BB-EE0E844631C4","PN-1234567890","sec1","test1","sec1@test1.com","Active","2","P004373","2021-03-29 07:24:37.748000000","2021-03-25 15:15:34.704000000",,"false",,,,
"53d6b8c1-2ba2-4134-8c53-ef829b7ff84c","6c4bd096-86cd-4fb5-8137-8cb7016ae7fb","P004591","8155C4C7-7354-4296-AEAD-44E7BFEA38D7","POLOPO_20210512091601","Ishi","Polo","ishiopo.loopo11@mailnesia.com","Active","3","P004591","2021-05-12 09:16:41.741000000","2021-05-12 09:16:01.656000000",,"false","2021-05-12 09:21:55.587000000",,,
"99447236-2392-4040-80a4-46907b16aa47","aa9e20f7-88cc-4bb9-9f3d-73c08c3ec390","P004395","362C6F4E-8E91-4791-82F5-D7E3D0ABB6BA","PN-1234567890","Pallavi","D","Pallavi.s1234@hotmail.com","Active","1","P004395","2021-04-06 09:56:48.041000000","2021-04-06 09:52:07.831000000",,"false","2021-04-06 10:02:54.910000000",,,
"7d10bbc0-89dc-4116-a975-f2fda37d4cd3","2cb03537-b480-4fbe-911f-da9da4bd36a3","P004784","AA99CBB7-8B98-429C-8B5A-0C50340DA0A7","PNBHRCUSTPNID0002","Neha","Kumari","neha190495@gmail.com","Active","1","P004784","2021-07-15 06:19:43.260000000","2021-07-15 06:18:50.441000000",,"false","2021-07-15 06:32:22.484000000","PNBHRCUSTPNID0002",,
"d29b3027-12cb-4f43-90ec-2790fb99acac","4c5207f4-9403-424f-b40c-b4d4f888a307","P005898","DB7B44D0-625F-4104-A76F-9BBE322A9116","878","testerkb","kbtester","testerkb@mailinator.com","Active","1","P005898","2022-02-01 09:10:33.283000000","2022-02-01 09:10:19.518000000",,"false","2022-02-01 11:44:42.526000000","878",,
"8e0880a9-b75a-4ae7-a557-a3be144aa5fe","8d289ae9-ca67-4028-91f0-228125b4afc0","P004376","920C8D33-8F2A-4DA7-9429-CDE0366E8372","PN-9876543210","Security","Test","ahmednaveed30@gmail.com","Active","1","P004376","2021-03-29 07:24:39.731000000","2021-03-26 04:56:29.509000000",,"false",,"PN-9876543210",,
"3ca9b03c-2ab7-45ad-b93d-9b952989d2dc","b3868f08-6981-475c-9004-f11d44ce08eb","P004440","A77276CB-DF7F-43A0-8638-5849E3FB98A4","DOCHEA_20210422110839","Nia","Fira","yetuwts.iysdsbds1212@mailnesia.com","Active","3","P004440","2021-04-22 11:12:09.215000000",,,"false","2021-04-22 11:22:01.124000000",,,
"93b2b090-6016-4841-b435-e1aef8c8a7c4","8dd502a0-3232-45ed-97f5-1d4a5fb331b1","P004745","ED2E7D18-087C-4DE5-A7BD-C4FD0AC5EEE6","SAPDIS_20210623063337","Oliver","N","nuernbergo@t-online.de","Active","3","P004745","2021-06-23 06:33:42.438000000","2021-06-23 06:33:37.245000000",,"false",,,,
"7330a56f-62a2-4820-922c-f3fe7dff9b51","5236889e-2d1a-4696-8b18-cd6b7ac1d0e3","P005739","5A95E2BC-1DC5-491D-BB46-4DC2B3A30DA8","Org_H1","sssss )(** & /","laaaaa **","ksjdhsi@ss.im","Active","1","P005739","2022-01-24 09:28:54.222000000","2022-01-24 09:24:11.311000000",,"false",,"Org_H1",,
"363b804d-be97-47c0-a228-2fd853dd0195","275dfa6d-f78a-402b-9de3-d5c6c930f376","P004442","3440E0FA-6163-4F85-88BF-55676575FEA3","DOCHEA_20210422110839","Yoyo","singh","yeyr.wwwe35@mailnesia.com","Active","3","P004442","2021-04-22 12:27:09.982000000",,,"false","2021-04-22 12:29:20.695000000",,,
"d340c39a-542a-406d-8254-0765882d6f76","42b1ef82-b0c3-442a-a3bf-8d32223f9708","P004443","4EB2306F-7C63-44EA-8952-CBAE41040520","GLNCOR_20210423061634","Wuey","Qiu","77retyhshs.73ghss@mailnesia.com","Active","3","P004443","2021-04-23 06:17:06.467000000",,,"false","2021-04-23 06:26:36.397000000",,,
"eed36da2-e902-47c9-974a-d9783e4effbe","42b1ef82-b0c3-442a-a3bf-8d32223f9708","P004443","4EB2306F-7C63-44EA-8952-CBAE41040520","GLNBP_20210423093229","Ioxn","xsjs","77retyhshs.73ghss@MAILNESIA.COM","Active","3","P004443","2021-04-23 09:37:08.185000000",,,"false",,,,
"1bf8d1bc-5f86-4a27-990a-a456ecf2df40","148d5961-829e-4f78-a6e0-3989248b070f","P004446","FA65A2E6-2385-4394-912E-3B7937B5D560","CNPJBP_20210423100420","Ipie","dds","46dhdjsde.87hd@mailnesia.com","Active","3","P004446","2021-04-23 10:07:10.619000000",,,"false",,,,
"b718b8df-21e4-416d-a636-00b5512a0f10","94790df5-ff8b-4c25-818d-588574a261c9","P004462","463F5F53-15F8-4438-8EB4-90090D0A3288","OPOHYS_20210501054129","Ayuet","Ouetdbs","aeysdoiiu.opqytevs232@mailnesia.com","Active","3","P004462","2021-05-01 05:48:21.269000000","2021-05-01 05:41:29.852000000",,"false",,,,
"1ffc286d-7530-4495-a789-4b3859592f45","9f159693-9867-46a9-b435-28b2837f4100","P004466","F9B0C0C4-D37A-4A52-B8B3-F625E4225392","PN-9876543210","Ahdfd","oudbdf","ajdufdy.ouyrere2@mailnesia.com","Active","1","P004466","2021-05-03 10:40:09.509000000","2021-05-03 10:35:31.609000000",,"false",,,,
"f4b3bf34-25f3-44fe-a21e-7f958eaa1c75","fb1da23c-3f19-4113-b1c2-ff8c136dc393","P004468","89C2403C-0389-4086-82F9-79B9914FE36E","null","Gyi","Oihdd","errorkyahai6454@mailnesia.com","Active","3","P004468","2021-05-04 10:10:13.597000000","2021-05-04 10:05:46.833000000",,"false","2021-05-04 10:14:16.836000000",,,
"944e5b0e-eae8-425b-8e55-1c74c511348d","72967116-6c16-4bf8-8287-a1dc03d55e2f","P004469","B8F3D51B-8EF0-482E-8566-C8C313B1779F","null","La","Laa","Lalalal@sdh.in","Active","3","P004469","2021-05-04 10:15:14.299000000","2021-05-04 10:13:51.311000000",,"false",,,,
"b2439d91-2087-4d7e-8ac9-616cc831177a","e2dd5bb2-9a03-4a82-a74a-ecf6f9551a74","P004471","2A967C0A-E9D0-4BBC-B505-955F80D3CC7E","PN-9876543210","Dinesh","Kumar","yuierer.ndfdhfyru87474@gmail.com","Active","2","P004471","2021-05-04 12:10:15.865000000","2021-05-04 12:08:20.129000000",,"false",,,,
"9dcc0e2e-6b45-42a8-a845-3d0e3a3f50f6","045b1ede-306b-4e5d-8c90-b2f993c248cf","P004472","AA8F05ED-3397-4B3A-91E7-48786244EF25","PN-9876543210","Elina","Dec","yuierer.ndfdhfyru87474@mailnesia.com","Active","2","P004472","2021-05-04 12:20:16.619000000","2021-05-04 12:19:41.703000000",,"false",,,,
"e66ba73c-2406-43d7-a0e2-441c8a3050e2","f817e118-73d9-4857-a129-7f32920d5ccd","P004969","8F56A1C1-7196-4278-9054-8C33377B87BB","PNSAP_6001","BP","QAnew","buspartner2468@mailinator.com","Active","3","P004969","2021-09-01 10:59:14.265000000","2021-09-01 10:56:10.799000000",,"false","2021-09-01 11:01:29.774000000",,,
"b2af34e8-dc72-4585-9752-65214fa438e1","7bbfbd49-974c-43c5-a9c1-78bba20745ec","P004594","68E8A9FD-ECC0-4AAB-B831-756488EDE05D","PN-9876543210","test2","test3","qwerty@xyz.com","Active","2","P004594","2021-05-18 06:53:38.511000000","2021-05-18 06:51:39.047000000",,"false",,,,
"8cec86c4-e7b6-4d5d-bee1-6d90cc4ab09d","31c9996c-7793-406b-bbef-7466d7d22e77","P004631","F6CF0467-BD7D-41D3-ABAB-27EE1A20FEAE","FGHCOR_20210527105453","Fgh","User","fghuser@mailinator.com","Active","3","P004631","2021-05-27 10:55:46.141000000","2021-05-27 10:54:53.344000000",,"false",,,,
"d74da24d-0f2b-43f1-9c49-ec5ec64dade6","31ea9b06-4849-4667-9d60-d8409f70730c","P004586","E73D1BA1-E6CE-41E7-B679-13B6356CFA4D","PN-9876543210","Gulmzrk","Synouu","riouy.oiii1223@mailnesia.com","Active","2","P004586","2021-05-11 12:52:03.839000000","2021-05-11 12:22:29.528000000",,"false",,,,
"ca621242-8046-454a-b0b9-fd45b7453c9f","2a718c15-29c9-4e46-8987-357521a862eb","P004587","07AB0FA4-FBE7-49D4-8014-63349C1B6A31","PN-9876543210","ratnakar","security","ramakantharao@security35.com","Active","1","P004587","2021-05-11 12:52:04.592000000","2021-05-11 06:42:10.023000000",,"false",,,,
"aef70d2c-b6ef-4028-a8c3-e33c4f1c2d3c","fd78cab3-7cd7-4822-9258-57b5cb204115","P004588","A56AC5D8-52AA-40EE-A928-3313A5BA6E46","PN-9876543210","ratnakar","security","ramakanthara3o@security.com","Active","1","P004588","2021-05-11 12:52:05.183000000","2021-05-11 06:43:04.094000000",,"false",,,,
"493484a8-8a97-40f5-91b9-dc74aed7d4cd","070c692c-554d-4be1-bf53-f7c99a7a698f","P005899","0E214F1F-9F4F-4BB9-8564-CCD2C814602E","PNBRICHCUST004","Brich","Cust 005","Brichcust005@malinator.com","Active","2","P005899","2022-02-01 12:20:35.030000000","2022-02-01 12:17:13.815000000",,"false",,,,
"aaf59cad-206f-40e9-81fb-5b9bc9d84cf2","fbce010a-e24d-41fa-86ae-c6f030fabbb2","P005072","F1E86294-095D-426A-98C8-376C32741461","PNNOVARTIS20160811","Customer","EPCISAdmin","customerepcis@mailinator.com","Active","1","P005072","2021-09-15 04:40:32.338000000","2021-09-15 04:39:27.419000000",,"false","2021-10-10 20:11:11.391000000",,,
"110e292b-4e55-4bf3-b959-d4294fd1094c","973008a7-fe34-4b6f-8701-ebd4952bf1b5","P006181","BC34217E-8385-404E-A340-918B6AD08530","USDISP_20220325094545","US","Dispenser5","us.dispenser5@mailinator.com","Active","3","P006181","2022-03-25 09:48:25.955000000","2022-03-25 09:45:46.638000000",,"true",,,,"USDISP_20220325094545"
"b0d00e4a-bf0a-4e5f-a182-aa4608b1e6ca","be8e07f6-33a8-4bd3-a596-399b832b1c9e","P004447","AB11386D-E0AF-4738-933E-1D0B5073B251","PNSAP_6001","Dummy","User","UserMgmtAppTest5@gmail.com","Active","1","P004447","2021-05-12 11:41:42.822000000","2021-05-12 11:40:40.527000000",,"false","2021-08-17 05:32:30.991000000",,,
"eb21fb6b-26c3-4861-ab7f-5bd333ca8009","30a4f4ff-7e9f-4cea-869f-bfb20a0c08f0","P006182","555E60D4-A533-4A37-8725-7DC0F4C19D5E","USSCDI_20220325101127","USSC","Dispenser6","us.dispenser6@mailinator.com","Active","3","P006182","2022-03-25 10:13:26.889000000","2022-03-25 10:11:28.187000000",,"true",,,,"USSCDI_20220325101127"
"abf6858f-0419-42a1-86e7-f518f5ef18d6","1188c134-6ee7-4f50-b928-34e8a15cc581","P006184","6DA08024-28EF-485C-97B6-99297962792F","TEST_20220325105015","test","3","msrk92@mailinator.com","Active","3","P006184","2022-03-25 10:53:28.468000000","2022-03-25 10:50:16.521000000",,"true",,,,"TEST_20220325105015"
"ff0f1b6c-9702-41b1-a6a2-8534f0cc7545","e0d62885-556e-4211-929f-18906cca005b","P004787","FAEA6BDC-C5A1-4D8D-B18B-4E4762B27261","BPCOMP_20210715083546","Dennis","Keilbach","dennisk@mailinator.com","Active","3","P004787","2021-07-15 08:35:48.160000000","2021-07-15 08:35:46.793000000",,"false","2021-07-15 08:37:22.756000000",,,
"7badbd71-a741-494c-9f86-9901331ec15b","4ff9956d-2635-4554-ac93-826a6a4aa8d6","P004788","0D88CFBC-2986-4183-94A3-141AAD1C8751","BPCOMP_20210715100243","BP","Admin3","bpuser3@mailinator.com","Active","3","P004788","2021-07-15 10:02:49.989000000","2021-07-15 10:02:43.038000000",,"false","2021-07-15 10:04:16.965000000",,,
"270d01a6-178c-408c-845d-8601ac2df035","059df672-ab7c-4caa-8c9c-eb552d8272f7","P004789","56472CB2-3160-46D9-953C-6A1A9383CD7F","UVWCOR_20210715113926","John","Doe","johndoe@mailinator.com","Active","3","P004789","2021-07-15 11:39:51.918000000","2021-07-15 11:39:26.090000000",,"false",,,,
"43a7d668-c4ea-462b-82d5-170a16ee7b8b","27c9e519-82df-4406-9210-418724ec7230","P004790","931AAD69-3A09-4A06-92BE-1EED522D591D","PNBHRCUSTPNID0002","Mariam","Oladipupo","mariam.oladipupo@sap.com","Active","2","P004790","2021-07-15 12:56:54.319000000","2021-07-15 12:49:27.709000000",,"false",,,,
"c09f54fd-110e-4a2c-a1f6-645ceac30811","02010edd-3b28-4ac7-bcb8-b0f76da8ac76","P004791","29E94471-F74D-463B-8E44-8B3484AD820F","DEFCOR_20210715134829","Dennis","Keilbach","denniskeilbach@mailinator.com","Active","3","P004791","2021-07-15 13:48:56.706000000","2021-07-15 13:48:29.816000000",,"false","2021-07-15 13:50:18.162000000",,,
"f4467b3b-69cb-4641-8cbb-1d45778bacfc","4dd8b0a4-dd5c-44d0-a28f-7420fbb5bbec","P004796","C75BEFC2-D9A7-480C-A74D-2991B55BBBF6","DFCORP_20210716084925","Dennis","Keilbach","keilbachdennis@mailinator.com","Active","3","P004796","2021-07-16 08:49:29.371000000","2021-07-16 08:49:25.641000000",,"false","2021-07-16 08:51:33.792000000",,,
"8217e631-ba63-4bc2-8952-e396472a131c","21138edd-515c-4eb3-bbb1-b4086b63b637","P004809","FE16DCA7-07A8-46A8-BAA9-45DB7F2C6F15","PN-9876543210","Test","APT","testapt@gmail.com","Active","1","P004809","2021-07-20 10:41:35.392000000","2021-07-20 10:41:31.601000000",,"false",,,,
"b03d9142-e73e-4d8d-a539-714f57163837","ce5a8612-edc9-434a-b987-c4defd0cec3e","P004810","920A4918-8395-4601-B6AB-EB51EDF96FAA","PN-9876543210","Test","APT","testapt1@gmail.com","Active","1","P004810","2021-07-20 11:04:36.882000000","2021-07-20 11:04:13.307000000",,"false",,,,
"789603bc-40d9-4c32-bbcd-3d880db175d0","ea3b898b-79be-41ab-ad08-8658966c0d72","P004811","75AF2416-8579-4997-9FBF-3982E6CF9D76","PN-9876543210","test","apt2","testapt2@gmail.com","Active","1","P004811","2021-07-20 11:06:37.807000000","2021-07-20 11:06:36.368000000",,"false","2021-07-20 11:10:23.500000000",,,
"18a552a3-230b-4e84-9996-bdcfbdd51577","61ba9665-dbd0-4d42-8c4a-cd83fce88f18","P004813","6993FAF2-1FF1-4813-A0BC-FFFE5FBE9416","PN-9876543210","test3","apt3","ashved.datkhile@hotmail.com","Active","1","P004813","2021-07-20 16:02:42.017000000","2021-07-20 16:02:30.624000000",,"false","2021-07-20 16:12:47.869000000",,,
"4f1a7032-4338-4c8f-8d59-f564f267a38b","8d56f68e-db32-44c3-ac4d-8340f5a0a434","P004814","10789017-275A-45C8-A509-CCF9DF794FD7","PN-9876543210","ashved","Datkhile","datkhileashved4321@gmail.com","Active","2","P004814","2021-07-20 16:52:43.359000000","2021-07-20 16:52:33.261000000",,"false",,,,
"98b26a6e-7b96-4ede-a92c-4505abda33f5","b05b61cf-b1a8-48a1-be75-2ab39ce650bb","P005235","FD390B1F-1733-4E1B-8A7C-E2F4131010CA","PNNOVARTIS20160811","User4","Regression2111","user4regression2111@mailinator.com","Active","2","P005235","2021-10-09 14:35:16.106000000","2021-10-09 14:34:09.348000000",,"false","2021-11-09 09:47:40.617000000",,,
"501f3deb-c9ba-48e0-a525-2ea7de1ea7f2","366439f7-56f7-46cb-a30e-76bfef7f387d","P004827","5D7ED02C-D9AA-4C2B-877A-3D45B5146BA3","PNSAP_6001","test","user","testuser@sap.com","Active","1","P004827","2021-07-22 10:22:19.153000000","2021-07-22 10:21:23.482000000",,"false","2021-07-22 10:50:46.221000000",,,
"e07be869-5a05-4014-bdb2-91ad31d391c0","f006d863-cf18-401a-99fd-8a1ea2ea2a56","P004829","E88A2041-9D5F-435C-B39A-F00328EC4785","XYZ_20210722133729","Anil","Kumar","anilsureshk@gmail.com","Active","3","P004829","2021-07-22 13:38:24.173000000","2021-07-22 13:37:29.158000000",,"false","2021-07-22 13:40:27.528000000",,,
"c3d1c980-f55c-4595-9e4c-a882fd1987e9","02e8ba96-9fc0-47bf-9e14-027d608c2201","P004833","6D03CD6F-CCCF-432F-9469-D355FBDA0DDD","PNSAP_6001","test","test","testtest@gmail.com","Active","2","P004833","2021-07-26 04:12:28.343000000","2021-07-26 04:12:27.963000000",,"false",,,,
"fa669e21-7160-4333-bac4-50060f158918","d0640183-a196-4d68-80bb-5fffa04b4b7c","P004856","BF0EF78D-ED86-4324-8DFD-83C104168326","BPCORP_20210803072946","BP","CORPS","UserMgmtAppTest2@gmail.com","Active","3","P004856","2021-08-03 07:30:40.001000000","2021-08-03 07:29:46.730000000",,"false","2021-08-03 07:36:12.108000000",,,
"c58198c9-550a-4dd6-9931-b7694415500d","68b6fc67-f7d2-4dc0-a22c-a3588bee5e51","P004876","1BE191F6-AB74-484A-BE14-37A37D452D6E","BUSYPA_20210813120705","QA","BP7","busypartner7@mailinator.com","Active","3","P004876","2021-08-13 12:09:03.155000000","2021-08-13 12:07:05.022000000",,"false","2021-10-07 16:34:47.346000000",,,
"ced0de9c-c482-4498-aa43-96c7c0466f4e","5afcafb7-bd57-4750-80e3-974ab8173ef6","P003000","CC409BF5-2112-4DF1-8FF4-DC930306D0C1","PNNOVARTIS20160811","Novartis","Test","4mshriku@gmail.com","Active","1","P003000","2021-06-25 07:10:27.682000000","2021-06-25 06:48:28.844000000",,"false","2021-09-17 14:25:02.186000000","PNNOVARTIS20160811",,
"d3577c0c-7e3a-4239-8320-fd3a635eabd6","caa0af95-c80a-441b-87e8-6dbe86e57f81","P006192","83039DE0-1941-44A0-A13C-65429E6274C0","DEMODE_20220328062858","Demo","dev","brazildev2025@mailinator.com","Active","3","P006192","2022-03-28 06:33:42.198000000","2022-03-28 06:28:59.502000000",,"true",,,,"DEMODE_20220328062858"
"b440aba3-53f8-47fd-a904-ef7136a78c4a","9189d25f-c725-47a6-ab17-f6ba77d96853","P005089","0BB3E60F-BEA7-43C7-900F-CC696E8A6350","PARTNE_20210617120829","QA","LatestBP","bpqalatest@mailinator.com","Active","2","P005089","2021-09-17 13:18:58.576000000","2021-09-17 13:15:10.703000000",,"false","2022-02-05 13:25:14.700000000",,,
"61da765c-7f40-4f30-abf7-b24c19a5fe71","57cd0c51-0cc3-4a2e-a0bd-bcc9ab8378bc","P005144","0B36246B-866D-4932-8A7B-68A5EF0C31C7","BPBACK_20210927101758","Backend","BP","bpbackend24@mailinator.com","Active","3","P005144","2021-09-27 10:19:50.745000000","2021-09-27 10:17:58.886000000",,"false","2021-09-27 10:24:21.190000000",,,
"084857de-e6b7-412d-9c95-07e853fcdb8c","a17126ae-4395-403b-ba12-9d33c58dc947","P005191","54ABE3B7-9A7B-44FD-823E-E24605C610F2","BPQA_20211005093424","BP","QA60","bpforqa007@mailinator.com","Active","3","P005191","2021-10-05 09:35:58.676000000","2021-10-05 09:34:24.333000000",,"false","2021-10-05 09:41:14.106000000",,,
"1fe9f557-c35b-4c9f-aff1-d6a8b8401ac0","bac013bc-737e-4e34-a08b-de2c92583110","P005213","EA45E1BD-B8A5-4108-8E0E-DECA9F61A228","BUSYPA_20211007165255","QA","BP1","busypartner1@mailinator.com","Active","3","P005213","2021-10-07 16:55:59.594000000","2021-10-07 16:52:55.987000000",,"false","2021-10-07 16:57:26.897000000",,,
"30b94729-a548-4421-b6b5-018d7a1d4fa6","18bc4874-5598-4ef2-8ce8-8f36b8c3ab3a","P005214","73B4E6C4-C2A8-41B1-A7E8-9D213CF6F0F8","BUSYPA_20211007165600","QA","BP2","busypartner2@mailinator.com","Active","3","P005214","2021-10-07 17:01:01.485000000","2021-10-07 16:56:00.178000000",,"false","2021-10-07 17:03:20.055000000",,,
"015a36f3-a1db-4491-9179-a360e4457223","c12eeda0-d761-4db8-bbe9-bc912aef0066","P005278","B6D8729C-63CF-4107-AC50-952640189D7F","NEWBPA_20211014060203","New","BPAPSync","newbpapsync04@mailinator.com","Active","3","P005278","2021-10-14 06:03:55.744000000","2021-10-14 06:02:03.457000000",,"false","2021-10-14 06:05:45.928000000",,,
"23fc1267-a5df-4778-8087-02f641a10e1f","b35ee910-3775-4040-b3f4-3f558699e4eb","P005309","4D82D1EC-AD2E-493F-A4F1-E33BEAC81FC4","PNNOVARTIS20160811","User","2202","user2202@mailinator.com","Active","2","P005309","2021-10-27 06:41:23.368000000","2021-10-27 06:39:11.309000000",,"false","2022-02-09 06:28:56.041000000",,,
"e7fd40b6-579c-42bc-a1b5-5d2b3966022e","6b0cd780-a4c3-4e52-93d7-c424469c7a6a","P005301","D9C8DABC-8838-4ECE-ACF5-B25D03A4ABE2","SOFTDE_20211020101257","Soft","Deployment","softdepuser004@mailinator.com","Active","3","P005301","2021-10-20 10:16:05.649000000","2021-10-20 10:12:57.701000000",,"false","2021-10-20 10:19:34.118000000",,,
"053bc628-109b-4357-ad27-11254a3b5bf5","bdb55078-49d7-4e0c-885a-f498bfd7167c","P005313","0ABDEB1B-F186-4D8F-80D1-508067F44CE3","DFCORP_20210716084925","Dennis","Keilbach","examplecorp123@mailinator.com","Active","3","P005313","2021-10-27 14:31:26.008000000","2021-10-27 14:30:58.548000000",,"false","2021-10-27 14:32:34.320000000",,,
"bde5b76f-b5d6-4ddc-a6c4-ffcc61e78ad5","6092a0be-f4f7-4707-b784-3d0ad1a2e382","P005314","D9E48B69-CB13-46DB-9FBA-1BDC4C1C28FC","CDECOR_20211027170605","First","Last","FirstLast2710@mailinator.com","Active","3","P005314","2021-10-27 17:06:27.340000000","2021-10-27 17:06:05.710000000",,"false","2021-10-27 17:07:37.241000000",,,
"8356175e-6281-4902-be48-fd6c6ce32275","98902481-63cb-478a-8b22-35536b448855","P005315","3BEE3231-7869-4EAF-B921-00356E578B19","EXAMPL_20211027174732","Firstname","Lastname","denniskeilbach2710@mailinator.com","Active","3","P005315","2021-10-27 17:51:28.416000000","2021-10-27 17:47:32.368000000",,"false",,,,
"f89276da-9d46-41ca-ad47-05f9728e90fc","ef2036c8-2164-484e-acd0-353d3982b333","P005321","067650E2-2381-440C-83C5-B9301519A753","DSCSAD_20211102140645","Firstname","Lastname","ichbrh0211@mailinator.com","Active","3","P005321","2021-11-02 14:06:53.890000000","2021-11-02 14:06:45.762000000",,"false","2021-11-02 14:08:57.593000000",,,
"8d10ed06-68a5-45e8-a349-c3573e5768ef","3a8ed45f-89b6-40a3-bd0e-42654858e432","P005361","2494A187-92F1-466C-8B17-C3683E148215","BPCOMP_20211202064305","BP","User10","bpinvuser1118@mailinator.com","Active","3","P005361","2021-12-02 06:44:03.075000000","2021-12-02 06:43:05.536000000",,"false","2021-12-02 06:47:37.618000000",,,
"c0649d6e-5e5c-4696-b46d-2bb8cc72387c","3e00709f-ee0c-47fd-b673-d5f71f2ec649","P003211","DA415DC7-6FFF-4BF5-B119-118CC24A8FB9","USDSCSA001","Kedar","Kulkarni","kedar.kulkarni@sap.com","Active","1","P003211","2022-01-18 10:11:17.552000000","2022-01-18 10:07:20.555000000",,"false","2022-05-05 09:22:31.953000000",,"PNMARKETAUTHO20160811","USDSCSA001"
"7233d5a7-9262-45cb-b483-409d529f131b","6bca432f-582e-46bf-8d12-5a29c2d1c245","P003225","C5A7AC94-C3AB-49C1-BCB6-EE4824F50808","PNSAP_6001","Neha","Kumari","neha.kumari04@sap.com","Active","1","P003225","2021-05-06 11:30:27.146000000","2021-05-06 11:26:08.065000000",,"false","2021-06-25 09:50:27.491000000",,,"PNNOVARTIS20160811"
"50319c19-9618-42a4-bba1-8e28e0e08dc8","467f74e8-21a9-4715-8a4d-11432a2e5532","P006548","Portal:C1B5D19E-889D-4F90-94C8-07CEAE80338F","PNBRICHCUST002","test","nk","test.nk@mailinator.com","Active","1","P006548","2022-05-19 13:40:40.736000000","2022-05-19 13:38:12.021000000","P004757","true","2022-05-19 13:51:10.976000000",,,"PNBRICHCUST002"
"268f4e03-c9ee-4add-bc9f-d6eb00a8b1ce","04201e57-5608-449b-a81a-feec3a6ad532","P006429","Portal:C8FE329F-836A-4B25-86EC-809C55F3D363,PBC:BDB43495-585C-458E-B94C-DEB5D825F46A","TestBrazilUSScenario","US","TIExhange","us.tiexchange2205@mailinator.com","Active","1","P006429","2022-05-10 08:51:33.939000000","2022-05-10 08:47:55.520000000","P003211","true","2022-05-10 08:52:43.478000000",,,"TestBrazilUSScenario"
"e7a55dba-8594-47f7-8aec-af9d4d263deb","a275716c-f0e2-4eab-916a-2b29864d806c","P006413","Portal:7C18B8C5-C815-422E-963D-46B49909A48B,PBC:4FBAF85B-2FD9-48F5-A112-52D8FD727DCA","USDSCSA001","US","TIExchange","ti.exchange2205@mailinator.com","Inactive","2","P006413","2022-05-09 07:07:35.612000000","2022-05-09 07:06:20.704000000","P003211","false","2022-05-09 07:12:33.562000000",,,"USDSCSA001"
"d3b59f6b-6099-48bc-8605-fef822714d24","d86e6b6b-af4a-4efe-a3f3-230cc5a1051c","P004886","51FB4572-17A1-494D-805E-9E25D9CD6C48","PNNOVARTIS20160811","Krishma","Bhatia","krishma.bhatia@sap.com","Active","1","P004886","2021-08-17 13:12:34.091000000","2021-08-17 13:10:50.595000000",,"false","2021-09-21 12:33:34.515000000",,,"PNNOVARTIS20160811"
"35871422-74cd-4668-97dc-c76607f38cf6","4b9b6f49-db37-42c2-b912-b15b19b90cc7","P006442","Portal:8B68CD5C-DCB9-416D-B959-37D2F5B888ED,PBC:AE1379A7-D9DD-417C-9813-733FA2418571","TestBrazilUSScenario","Brazil","test-2205","brazil-test-2205@mailinator.com","Active","1","P006442","2022-05-11 16:42:18.636000000","2022-05-11 16:41:26.474000000","P003211","true",,,,"TestBrazilUSScenario"
"e9b6a008-802d-4f99-abf3-028368140adc","d86e6b6b-af4a-4efe-a3f3-230cc5a1051c","P004886","2BEC5BF7-2D2E-47DB-AF4F-68D26C1E5840","PNSAP_6001","Krishma","Bhatia","krishma.bhatia@sap.com","Active","1","P004886","2021-09-27 09:13:10.259000000","2021-09-27 09:11:59.298000000",,"false",,,,"PNNOVARTIS20160811"
"18938aa5-9f01-440d-8181-0fbc9edecbab","41f356b9-139f-4fa2-a114-e30b5b20123d","P004884","9C4BA3AC-6449-439E-ADAC-0A816D181F4F","PNNOVARTIS20160811","vivek","satavase","vivek.vithoba.satavase@sap.com","Active","1","P004884","2021-09-08 06:56:24.380000000","2021-09-08 06:51:53.322000000",,"false","2022-04-01 07:23:41.105000000",,"PNMARKETAUTHO20160811","USDSCSA001"
"f2e1915f-a00d-4c48-b5be-703659cdfc5a","0468d090-13e6-40f8-9435-1ee8c116f0c9","P005129","CB117BD6-558E-4F70-B545-76A2F61F5B19","PNSAP_6001","Dewarsh","Joshi","dewarsh.diwakar.joshi@sap.com","Active","1","P004642","2021-06-21 15:31:13.353000000","2021-06-21 15:30:26.457000000",,"false","2021-09-22 16:57:23.567000000",,,
"26e6206c-44c4-42b2-9fc3-2992cdc75bdc","54f9da7a-8ae8-4977-9bf2-3cc6ad658403","P001176","30462484-B896-482B-B504-C064AB62BD81","PNSAP_6001","Sandeep","Dikshit","sandeep.kumar.dikshit@sap.com","Active","1","P001176","2021-06-15 05:56:34.295000000","2021-06-15 05:56:11.941000000",,"false","2022-01-19 05:12:28.227000000","PN-12345678",,"PN-12345678"
"bb7286aa-5184-4ccb-8f34-ac5d61700eab","e05a1d70-27ad-4e97-b876-cf59a5a29915","P001889","0390DC5D-D31F-4AC5-8FE5-17BCAC62C80E","PNSAP_6001","Anil","Suresh","anil.suresh.kumar@sap.com","Active","1","P001889","2021-07-22 13:19:23.293000000","2021-07-22 13:18:56.515000000",,"false","2021-07-22 14:00:11.615000000",,,
"1b0cf344-059d-45a4-96a0-a7ed00e7b1c9","5e6396b7-a8bb-4139-9428-2a6ba1571dbb","P006322","A06B3F8A-7A96-4FAF-8643-3931B7E8742A,PBC:98E77012-9E56-4EFB-A471-CDEDF537B956","USDSCSA001","vivek","satavase","vivek.vithoba.satavase@mailinator.com","Active","1","P006322","2022-04-21 06:41:55.758000000","2022-04-21 06:40:40.524000000","P004884","false","2022-07-14 10:21:19.253000000",,,"USDSCSA001"
"01afb613-50aa-45d8-86b0-cf609b945d82","0cb5da2a-754f-4e01-86de-6017b8989f13","P003223","D46B8374-7A96-4557-A7B5-E211BD576265","PN-1234567890","Hina","Kumari","kumari.hina@sap.com","Active","1","P003223","2021-03-24 12:16:14.932000000","2021-03-24 12:14:34.455000000",,"false",,"MAH",,"DUMMY123"
"9b080554-339a-435d-85ea-96852cb65f41","b792de54-d547-4d5c-8632-a95cba665068","P006289","","TESTDI_20220411091748","test","dispenser","testdispenser1@mailinator.com","Migrated","3","P006289","2022-04-11 09:18:04.449000000","2022-04-11 09:17:49.378000000",,"true","2022-04-11 09:22:09.708000000",,,"TESTDI_20220411091748"
"ec2b9607-e2a3-441c-acba-310c28007314","34e12da6-0798-45c7-8494-362b8877824b","P006293","","TESTDI_20220413042123","test","dispenser10","testdispenser10@mailinator.com","Migrated","3","P006293","2022-04-13 04:22:50.240000000","2022-04-13 04:21:24.422000000",,"true","2022-04-13 04:25:04.985000000",,,"TESTDI_20220413042123"
"421a4c41-0dc1-4004-b945-eb9c0514a565","113164e0-75fe-4eba-ad5a-0d3b8820c3dd","P006297","","USWHO_20220413112417","US","Wholesaler","us.who1@mailinator.com","Migrated","3","P006297","2022-04-13 11:27:53.174000000","2022-04-13 11:24:18.495000000",,"true","2022-04-13 11:31:27.514000000",,,"USWHO_20220413112417"
"f8fbce39-b678-4122-9dc0-4ef67726683b","a3068da1-e8cd-45bd-b534-374acca11408","P006298","","TESTDI_20220413113900","test","dispenser11","testdispenser11@mailinator.com","Migrated","3","P006298","2022-04-13 11:42:53.936000000","2022-04-13 11:39:01.015000000",,"true","2022-04-13 11:44:21.867000000",,,"TESTDI_20220413113900"
"ad5ca863-7e02-478f-99b2-3fd604e7d910","353531e1-686e-4743-8998-b5ed6511b0ba","P006352","","USSCTE_20220429045008","Distributor","1","usscdistributor01@mailinator.com","Migrated","3","P006352","2022-04-29 04:54:39.904000000","2022-04-29 04:50:09.831000000",,"true","2022-04-29 05:07:26.730000000",,,"USSCTE_20220429045008"
"4061471c-dc30-4bfd-8ae7-466ec026f163","68fda759-d5cf-4b0e-8f21-da06c815a974","P006353","","DISPEN_20220429130957","Dispenser","User501","usdispenser501@mailinator.com","Migrated","3","P006353","2022-04-29 13:12:45.701000000","2022-04-29 13:09:57.864000000",,"true","2022-04-29 13:15:52.982000000",,,"DISPEN_20220429130957"
"2f6ebe0d-efa2-4036-8137-972a444e3290","f27a0036-ef42-444b-aa93-8d21f07f1899","P005885","A1ADEF97-CC82-44A2-AEA6-4ACAEE15CE9D","Defect Check","First","DumbUser","first1@dummymail.com","Active","1","P005885","2022-01-31 08:12:47.957000000","2022-01-31 08:09:20.146000000",,"false",,"Defect Check",,
"9eebd47a-840f-46f6-8c93-3544d767f764","c9de3a70-036d-4b9f-8da1-9165774620d9","P006355","","USDSCSA001","test","brazil","test.brazil@mailinator.com","Migrated","1","P006355","2022-05-02 04:56:28.688000000","2022-05-02 04:54:14.326000000","P004884","true","2022-05-02 05:03:27.353000000",,,"USDSCSA001"
"6f73b732-c68c-4a3d-9b87-45a545f670c6","5e974a3a-c4dc-4bf0-bd53-e44af07f7335","P006357","","TESTPA_20220502061102","test","partner11","test.partner11@mailinator.com","Migrated","3","P006357","2022-05-02 06:11:29.733000000","2022-05-02 06:11:04.055000000",,"true","2022-05-02 06:15:13.805000000",,,"TESTPA_20220502061102"
"2272f24a-8870-4778-b415-ca1b0865133e","63810a9a-1c02-4c73-9a52-faddfa1374bd","P006358","","TESTPA_20220502064147","test","partner12","test.partner12@mailinator.com","Migrated","3","P006358","2022-05-02 06:46:30.499000000","2022-05-02 06:41:47.723000000",,"true","2022-05-02 06:51:24.713000000",,,"TESTPA_20220502064147"
"e608f129-bdf0-498d-9e6e-acbd7dbcfe95","aede37c4-73b9-47bc-945b-f8507f99a134","P006406","","USDSCSA001","US ","TI","us.ti2205@mailinator.com","Migrated","1","P006406","2022-05-06 15:18:22.146000000","2022-05-06 15:15:53.900000000","P003211","false","2022-05-23 15:23:54.148000000",,,"USDSCSA001"
"8c297739-bfb1-42d3-8333-c396bf2d6e50","5c22e747-ba88-42d9-890d-c822ba297d1e","P006427","","USDISP_20220510082544","US","Dispenser10","us.dispenser10@mailinator.com","Migrated","3","P006427","2022-05-10 08:26:31.600000000","2022-05-10 08:25:45.356000000",,"true","2022-05-10 08:30:22.135000000",,,"USDISP_20220510082544"
"0834531f-f89d-44f6-94e0-77e748395755","08f6cec9-9b97-4720-bd36-602733fea2f0","P006605","Portal:5DD874F0-5332-4FFB-8B5B-216382FC7399,PBC:877DDE6A-9886-45E0-A73C-AF4C3C09F5F5","PNNOVARTIS20160811","nk","test","nktest_811@mailnesia.com","Active","1","P006605","2022-06-06 13:11:38.356000000","2022-06-06 13:11:26.141000000","P004757","true",,,,"PNNOVARTIS20160811"
"cbc612b6-40f0-4b21-b7a3-d3ff86ce2709","7dbdbe68-e849-4c11-bef5-26df13bf0477","P002930","Portal:42128F96-841C-4016-9F4A-86E0624D06F2,PBC:4312F90B-E3AB-4AF5-A52E-BDE8ACC809C3","PNNOVARTIS20160811","Naresh","Kumar","naresh.kumar03@sap.com","Active","1","P002930",,"2022-06-06 13:15:33.608000000","P006605","false","2022-06-06 13:32:46.297000000",,,"PNNOVARTIS20160811"
"ab756812-6668-427a-bff8-e53d6e58e570","4b8ee24c-ef4d-46fb-95f3-1f1f4a45f287","P005510","FAC1272A-5F6A-46F9-B183-4DC8A6886C95","PNSAP_6001","Kedar","Kulkarni","kedar.user2@gmail.com","Active","2","P005510","2021-12-30 08:19:39.204000000","2021-12-30 08:17:56.989000000",,"false",,,,
"8aeac88a-e781-4fca-90ba-18dc66544bfe","8c9e09f9-7ffb-4e29-86f0-d4f7604869ef","P005529","54E10740-6CE8-4360-B712-36B449778EE2","PNNOVARTIS20160811","Performance","Test","performancetest@mailinator.com","Active","2","P005529","2022-01-06 14:11:33.870000000","2022-01-06 06:57:23.621000000",,"false",,,,
"a2da04b0-511a-4de3-8e23-13ce8dbae16e","e13274b5-b0ea-44ef-a212-b9f9e39f248c","P005734","0E46D928-04F2-4CDA-B18D-18B43AE5B3A0","PNNOVARTIS20160811","dsfsdf","dsfdsf","sadsdfds@sadsad.com","Active","1","P005734","2022-01-24 06:13:51.126000000","2022-01-24 06:10:48.376000000",,"false",,,,
"b2c1a480-693f-4fc9-9f0f-3d27cb433e1f","f61a2a2f-3717-4ca5-a4c0-a0c2074a6122","P005915","0902EBD3-0140-4C24-9319-A19042B2B080","PNNOVARTIS20160811","Regression","2202","regression2202user@mailinator.com","Active","1","P005915","2022-02-05 14:50:51.938000000","2022-02-05 14:49:38.335000000",,"false","2022-02-05 17:29:42.530000000",,,
"c6bcd911-f4ca-4d4a-9b20-14ecc9ca4b2c","f0b9f330-3c1a-400b-a7ab-159e28a17353","P005741","8EBCADA4-DC3F-4F6B-BDF4-AB65423B40B6","Org_H1","2hhhhhhhhhhhhhhhhhhhhhhhhhhhhhhh","bssssssssssssssssssgsvvvvvvvvvvvvvvvvvv vvvvvvvvvvvvvvvvvvvvvvvv","yuytesa2hs@fgsww.in","Active","1","P005741","2022-01-24 09:38:55.286000000","2022-01-24 09:37:42.568000000",,"false",,"Org_H1",,
"bfc3a55a-f97c-4c2b-8367-ebbc63403add","bca3b74b-0033-4f59-8e3a-fd75e602962e","P005833","70D1F860-22D4-4D67-8974-8F781F1B65DF","Evidences 1234","Edit managorg","Test User","managorguser@mailnesia.com","Active","2","P005833","2022-01-27 10:44:37.833000000","2022-01-27 10:41:06.959000000",,"false","2022-01-27 10:55:57.429000000","Evidences 1234",,
"ecac94ec-9361-4976-a629-d5e9c5dd9f89","f55a9069-8806-403a-b46e-d65359ec2640","P005834","14222561-0D14-45EA-8B83-2479A687DA3B","sasas","testre6565","testing6565","tester355@gmail.com","Active","1","P005834","2022-01-27 11:21:51.761000000","2022-01-27 11:19:05.656000000",,"false",,"sasas",,
"af8cbcf1-b256-467c-a9d9-b1c7440d8972","15d4ad89-a751-491f-9c3c-db229bb3dad4","P005827","F2ED1E06-ABA4-4330-8E29-014B7D526123","sasas","tester6521","testing6521","tester21@gmail.com","Active","1","P005827","2022-01-27 11:21:52.596000000","2022-01-27 11:19:22.681000000",,"false",,"sasas",,
"327c2e5f-d642-4e94-9596-8dd8e5ca037b","294fc547-928b-4c9a-8e4c-e452b1a7d6d7","P005809","7E3B77A2-E898-4A44-968D-8269222B1A6F","ABCD","tester","tester1","tester@gmail.com","Active","1","P005809","2022-01-27 07:14:31.949000000","2022-01-27 07:13:32.900000000",,"false",,"ABCD",,
"ee48677a-0737-46b7-b5e0-816f93e0a5c4","c8992f00-4d27-4791-8b90-327862b5296f","P005603","358EC334-F9E8-4EBD-B4A6-5BE9A13032F9","ABCD","testre2","tester","tester2@gmail.com","Active","1","P005603","2022-01-27 07:14:32.426000000","2022-01-27 07:13:48.403000000",,"false",,"ABCD",,
"916c54da-487f-42e4-889b-a097920a33c8","fa5bed05-edf6-44d8-86d4-3e2ee807e8f2","P005604","671484D5-DB0D-4C91-BAF9-E41993FC0DAB","ABCD","tester3","tester","tester3@gmail.com","Active","1","P005604","2022-01-27 07:14:32.902000000","2022-01-27 07:14:04.551000000",,"false",,"ABCD",,
"71cd7065-ebe3-437a-8c46-7e4a1defc191","f7dd4ac3-6460-4e62-9cbc-8d7a9a0e3fd3","P005840","3483803A-DC2E-4B88-BBF6-253FEE97B8ED","BPCOMP_20220127143051","BP","Company","deletedbpcnpj4@mailinator.com","Active","3","P005840","2022-01-27 14:31:56.404000000","2022-01-27 14:30:52.283000000",,"false","2022-01-27 14:42:36.403000000",,,
"593a086f-0b86-4136-9db3-e4560bccd118","bd39c4c9-c5d3-4007-a3ef-df4343a60cc9","P005759","DFA0C206-C5BD-4C7F-8D3B-EB18295019F8","NEWORG_20220124163605","Fourth","User","fourthuser@dummyemail.com","Active","3","P005759","2022-01-24 16:54:09.056000000","2022-01-24 16:53:50.058000000",,"false","2022-01-28 09:37:33.114000000",,,
"8cf1c8a7-b8e5-4b12-9bbd-8766ef8169b2","d51c6e4a-2735-4e36-8f22-8b2dcff33a22","P005829","A13DEC31-C1CC-44C9-A64E-2CDCD64DADA7","Evidences 1234","Sri","sha kumari","srishwnba@gmail.com","Active","1","P005829","2022-01-27 10:39:35.791000000","2022-01-27 10:38:25.796000000",,"false",,"Evidences 1234",,
"ac0dcf20-f02b-4282-bf58-d7b1fd0fde0c","f9ad068e-c363-473d-85df-424895267871","P005756","2A982236-E30C-4D4A-A8FD-A6067C18B46E","NEWORG_20220124163605","New","Org","neworg2022@mailinator.com","Active","3","P005756","2022-01-24 16:39:05.020000000","2022-01-24 16:36:07.203000000",,"false","2022-01-28 09:37:45.347000000",,,
"26a38c0f-2424-4015-89ef-7e9a1a36b146","bf4fa740-8272-498b-a3ad-d5463c285d08","P005848","7053EA13-C091-4E18-B5E3-BB1330FF5E78","PNBRICHCUST002","Customer","User 002","brichcust002@mailinator.com","Active","1","P005848","2022-01-28 09:27:10.020000000","2022-01-28 09:23:03.554000000",,"false","2022-01-28 09:43:39.131000000","PNBRICHCUST002",,
"ffae8f45-53ca-4ae3-931b-17e0461e4315","140554bb-2681-4f05-bdf9-b1fcfcc5db8e","P005836","81F245D4-9536-4E04-AAFA-CA4026066EFD","NEWORG_20220124163605","Second","User","seconduser4@dummail.com","Active","2","P005836","2022-01-27 11:36:53.399000000","2022-01-27 11:34:22.528000000",,"false","2022-01-28 09:49:07.589000000","NEWORG_20220124163605",,
"b0041339-ae5a-433f-8623-bda961f1c53f","77f1baef-37bb-4062-a80c-b9960ea7ec7a","P005849","665518F5-10BA-4225-A621-10A166F44D9A","NEWORG_20220124163605","Fifth","User","fifthuser5@dummail.com","Active","2","P005849","2022-01-28 10:07:11.939000000","2022-01-28 10:05:11.174000000",,"false",,,,
"4b86c0c6-e051-43c1-8498-01b29ffeec20","78d323e4-e135-4e3d-8f5d-d3cad26d6339","P005853","AC9DE347-A068-4F70-B85B-A4650DDB5D90","jhgf","dfgh","lkjhg","dfgh@dhdd.in","Active","1","P005853","2022-01-28 11:32:16.029000000","2022-01-28 11:30:24.718000000",,"false",,"jhgf",,
"d05cb5dc-91c3-42c5-aac7-5a0dfb8a2d8e","f20b8eb4-925a-44ec-aff9-f2f307a27214","P005854","C4629EFE-BA68-48DF-8F23-F2C0986F42A7","Test fd","jshgf","dhyesn","dgteydgbxn@hdjfd.in","Active","1","P005854","2022-01-28 11:32:17.238000000","2022-01-28 11:31:33.044000000",,"false",,"Test fd",,
"351691e0-0f88-4ad5-942c-f0a26621b149","d9933c15-da75-4151-ba23-8a6326394f5c","P005856","8680EDD6-2136-487D-9D34-3CE296009FCF","LATEST ORG PNID","Third","user","sjhgdyh@fgdjfd.in","Active","1","P005856","2022-01-28 11:37:18.864000000","2022-01-28 11:34:46.249000000",,"false",,,,
"0e5a9a97-5caa-4184-84a8-510368613fd3","6f626070-af39-4c7d-9320-374e42491861","P005857","5A25F4C0-7178-4B40-80A3-308C7BB0F1E0","LATEST ORG PNID","Fourth","User","fsghdyswt@hddh.in","Active","2","P005857","2022-01-28 11:37:19.413000000","2022-01-28 11:35:14.278000000",,"false",,,,
"b0522209-65f9-49fa-af32-471b651c6d22","402e5856-efa1-462e-98e0-cb563abfbfc6","P005911","EF483F9D-BAA9-4C16-8172-E0DAEC4EA939","BPCORP_20220202163807","Bp","Corp1","bpcorp102@mailinator.com","Active","3","P005911","2022-02-02 16:40:20.555000000","2022-02-02 16:38:09.041000000",,"false","2022-02-02 16:51:00.622000000",,,
"5e8c0279-49b3-44f5-9fe5-aec40585e54d","62fbb2f2-d666-4539-a60c-97afdd8919ac","P005859","8684E45C-3C0B-42A3-926F-7B4A32B55517","First11111","dsgeg","DHGDEY","ddf@gdhf.in","Active","1","P005859","2022-01-28 11:57:21.373000000","2022-01-28 11:56:17.075000000",,"false","2022-01-28 12:06:58.185000000","First11111",,
"dde87889-37e7-4c66-b080-d0f24408f33b","efea8b9d-26c7-4860-a148-9b0eadf823f2","P005860","A8796086-8A98-4496-884C-9C87C6E105C0","First11111","ssgs","dfndfdhfeh","managorguser22@mailnesia.com","Active","1","P005860","2022-01-28 12:02:22.017000000","2022-01-28 11:57:52.856000000",,"false","2022-01-28 12:09:11.960000000","First11111",,
"ae3562b5-16ad-4fd8-b463-0d3b59cffbd9","8c95a30b-1b6a-4b94-95ca-c1187eb5d218","P005862","62E89F07-2D45-494D-915B-40F2F6891814","dsfdzxcv","testt787","tetsing","testt787@gmail.com","Active","1","P005862","2022-01-28 12:17:23.175000000","2022-01-28 12:14:22.220000000",,"false",,"dsfdzxcv",,
"29fcaace-16f9-499e-bf80-8a1326f65709","0e3887f6-3269-4e5c-8902-06a500765efe","P005886","33990530-94C2-4053-9102-1DACDF13B1E3","Defect 16684","Defect","User","defect1user@prtn.com","Active","1","P005886","2022-01-31 08:17:48.931000000","2022-01-31 08:12:59.682000000",,"false",,"Defect 16684",,
"9f12c3a9-fbda-454d-9496-8f4856a5267a","42c9bf6f-e596-4115-af95-149984995e48","P005887","5A3B3285-C3C0-4072-B74B-7E92BABFE9F8","New org16684","Dev","Joshi","ddj4@dummymail.com","Active","1","P005887","2022-01-31 08:42:49.877000000","2022-01-31 08:40:25.118000000",,"false",,"New org16684",,
"c28fd2d5-3fe6-4675-9284-a40d83df9bed","21e436ed-e922-4d31-bfe2-48407a3fbde1","P005888","B5569D16-5633-4975-B9F3-DB1FF912A835","Random","krishma","k","kkrish4@dummymail.com","Active","1","P005888","2022-01-31 08:47:50.785000000","2022-01-31 08:43:26.945000000",,"false",,"Random",,
"fd3c4fc5-6808-4424-bac6-dbddf0df46a7","270b57d0-49c0-447e-a822-9eaa70028c95","P005889","BC521D18-01E4-43AA-885A-492FAEF7E21E","Random 16684","user","b2b","userb2b@test.com","Active","1","P005889","2022-01-31 08:47:51.538000000","2022-01-31 08:44:42.582000000",,"false",,"Random 16684",,
"eb392be5-09d5-4e76-9443-109e35331f17","4927f9d4-c4d7-48f9-8c74-f903b4c739c4","P005892","2947C8AC-BF64-4277-8963-20AC62964E7C","Error Message Check","First","User","firstuser1@dummymail.com","Active","1","P005892","2022-01-31 15:02:54.438000000","2022-01-31 15:02:45.307000000",,"false",,"Error Message Check",,
"87df117a-be9e-406f-9701-28daf7a39c80","5dfc044a-dee3-4836-aac3-8943d5b81026","P005893","86A37C22-D48C-4D85-B292-AD137C31C15B","Error Message Check","Second","User","seconduser2@dummymail.com","Active","1","P005893","2022-01-31 15:07:55.321000000","2022-01-31 15:06:16.332000000",,"false",,"Error Message Check",,
"e93684d1-640e-425f-921b-34263156fc71","aa26ed8d-7386-4929-a235-9a345a1f8b2a","P005902","316CFAD4-28D5-4DB5-96BB-5AA29608FC41","ATESTORGNK","test","ok","test.ok90@malinator.com","Active","1","P005902","2022-02-01 14:10:36.164000000","2022-02-01 14:06:09.180000000",,"false",,"ATESTORGNK",,
"a89d4392-9219-44e1-8ce3-6575639fc169","cf749ae9-8295-4cca-8507-559b01314a4c","P005913","A672C883-B1C6-44FF-B39D-13419382579A","Random 16684","oopl","ooplast","oopl@gmail.com","Active","1","P005913","2022-02-03 07:43:05.559000000","2022-02-03 07:38:59.003000000",,"false",,"Random 16684",,
"3a3a689c-9cb5-46e2-b4d3-0b54b363557a","b2b37957-e344-4128-9bb0-ac44d13f91a8","P004830","BF3F7C62-09F6-4227-ABB9-6F006495B864","PNSAP_6001","TEst","user007","testuser007@sap.com","Active","1","P004830","2021-07-23 09:12:45.154000000","2021-07-23 09:11:57.178000000",,"false","2022-02-01 20:07:01.719000000",,,
"38ad97fd-7517-48bf-972e-b4119b7cd584","295845f1-8e4a-48d0-ab75-821c454d5a6d","P005921","2680381C-4651-4757-ADAA-9A787856E7E2","ABTEST_20220207062320","Amba","Bisht","amba.bisht@mailinator.com","Active","3","P005921","2022-02-07 06:26:08.024000000","2022-02-07 06:23:20.979000000",,"false","2022-02-07 06:30:58.222000000",,,
"6307dae9-198f-4eda-9870-b63ad4604418","4f924a5c-ef48-435b-abdf-da8dd77b0b6e","P005914","7C282E03-1ECE-427A-9A5E-C21ACBACFFF1","PNNOVARTIS20160811","DS","as","DS.as@malinator.com","Active","1","P005914","2022-02-04 04:58:18.153000000","2022-02-04 04:55:46.714000000",,"false",,,,
"d7638313-4f03-4f21-bd0a-51b7015b5cea","7c4d1000-4d4a-4d6a-8b5b-45c369fb25ef","P006055","307C903E-363A-4845-927B-9429952A2759","Demo_Org_PNID","NewOrg","Admin","neworgadmin2856@mailinator.com","Active","1","P006055","2022-03-03 07:27:32.016000000","2022-03-03 07:24:32.446000000","P004762","true",,"Demo_Org_PNID",,"Demo_Org_PNID"
"7c6bd22a-99a9-4fca-860c-b5df5259945c","38a53f62-1dc7-4836-93e4-7d43c036a2be","P005923","AC589C7B-E6D8-4B1C-A670-3708E51BA1BA","QASANI_20220207134318","Sanity","QA","qasanity@mailnesia.com","Active","3","P005923","2022-02-07 13:46:10.911000000","2022-02-07 13:43:18.497000000",,"false","2022-02-07 13:47:56.512000000",,,
"145ae2d6-a130-43a5-a2af-e622059a4e65","39873e9f-447f-4211-92eb-c5dad0419256","P005933","24EBCD83-F2A4-439A-9741-37BEBB7325B2","ABTEST_20220207062320","Ambika","Bisht","amba.bisht01@mailinator.com","Active","2","P005933","2022-02-08 10:34:03.757000000","2022-02-08 10:30:46.215000000",,"false",,,,
"c063f319-a6e4-476a-86a9-780adf9180aa","545b6e88-8d2e-4235-9ffc-d81da5e9e4d3","P006066","0AAAC389-D515-4AA3-ABB6-422CCA856AD8","RANDOM_20220305204107","Random","Comp500","bpreg2202_06@mailinator.com","Active","3","P006066","2022-03-05 20:44:30.670000000","2022-03-05 20:41:08.021000000",,"true","2022-03-05 20:51:17.337000000",,,"RANDOM_20220305204107"
"c60853b9-c619-4c30-b6a2-1f3af8aa3c70","c7128062-5fba-495c-969e-4faa9977a037","P005949","982E0213-158B-436E-A51D-940FBDADA78A","SOFTDE_20220209062747","Soft","Dep02","softdep2202_2@mailinator.com","Active","3","P005949","2022-02-09 06:29:49.251000000","2022-02-09 06:27:47.881000000",,"false","2022-02-09 06:32:12.130000000",,,
"bd1d2e4d-5135-4999-9be8-44293e7bfac9","7566b574-6541-494f-bd73-04f1f912efff","P005950","0AA00914-EB87-4A36-AF14-2A2BC7168C54","Soft_Cust_2022","Soft","Customer","softcust2202_1@mailinator.com","Active","1","P005950","2022-02-09 07:29:51.804000000","2022-02-09 07:29:24.174000000",,"false","2022-02-09 07:32:38.419000000","Soft_Cust_2022",,
"26205457-e3c2-4532-a8cd-4b59e8905e04","3bbb3e36-14ce-49f3-8155-d5f90422afe2","P005964","1CB47B72-48DD-4E83-9187-C9E4D7573658","PNNOVARTIS20160811","q","s","a@b.com","Active","1","P005964","2022-02-10 07:45:21.298000000","2022-02-10 07:45:03.086000000",,"false",,,,
"3ba717b9-9e61-4bc3-8c45-b5440c4fc072","8864994e-5693-40d5-8f32-f8a8cbd6b2ae","P005965","99997BED-8755-4D72-B639-75BDF9B6DCD3","PNNOVARTIS20160811","a","a","a@a.ao","Active","1","P005965","2022-02-10 08:00:22.021000000","2022-02-10 07:57:21.395000000",,"false",,,,
"a4cc7d2d-b8ef-4a6d-9e45-dcba0652d02b","6f2d4dac-1d5e-47b0-99e5-ab2622ddead8","P005237","95FA475E-1D25-4BD7-9B4D-669B6BE055AD","PNSAP_6001","Tester","Brazil","newcustomer2111@mailinator.com","Active","1","P005237","2021-10-10 20:30:23.639000000","2021-10-10 20:29:55.217000000",,"false","2022-03-03 13:32:59.079000000",,,
"cd3adbe6-08f8-4a3a-847f-a8ca474d4b00","cdc08b3f-e0c1-400c-afee-8804f3f8a3ce","P005968","FDD30C33-AAFC-4763-9799-B83F176555D5","PNNOVARTIS20160811","First","Last","firstlast@mail.com","Inactive","2","P005968","2022-02-10 11:10:25.384000000","2022-02-10 11:10:19.936000000",,"false","2022-02-10 11:13:33.599000000",,,
"63b49c06-02a0-4e1c-9a5f-a61a52762042","ff89f3b9-9a85-4f77-aeac-8076cc4f64bd","P005971","5065D4A6-C8BD-4468-AE57-98428F8FB08A","PNNOVARTIS20160811","Test","Test","Test@123.com","Active","2","P005971","2022-02-11 06:49:21.047000000","2022-02-11 06:46:19.016000000",,"false",,,,
"3c707452-38e9-4c88-ba5c-684f34b9f8aa","d4de435d-66b3-4f1a-8c84-0defc87ab1bd","P005972","CE98A3B2-4326-4DC0-84C6-294CB8A47368","PNNOVARTIS20160811","Test","Test","test011@123.com","Active","2","P005972","2022-02-11 06:59:21.988000000","2022-02-11 06:56:04.310000000",,"false",,,,
"03ae6f85-4b63-4267-ae35-ca2804a09ce7","162aa028-33ee-482a-bfb9-485ec393e92c","P005974","3D425064-9FAF-4312-BB6D-A920506EDB73","90","mlk","mlklast","mlk@gmail.com","Active","1","P005974","2022-02-11 08:29:23.015000000","2022-02-11 08:25:43.667000000",,"false",,"90",,
"1ddace6d-4e6b-4690-a072-cf0be1519dcc","6566726d-45be-4848-83c6-61c204492b57","P005975","62EC4A03-74C6-4BDF-911C-896CC6B5D387","789","mvb","yhg","mvb@gmail.com","Active","1","P005975","2022-02-11 08:34:23.692000000","2022-02-11 08:30:49.884000000",,"false",,"789",,
"5b3ed2f4-3f45-4a95-8c50-45f0665e81fa","0aae930c-b537-4a7a-be32-c8650e5b0e49","P005976","F39A6CCC-9A87-4624-9F47-0CE65D1831D3","821","vcd","ssd","sssxrte@gmail.com","Active","1","P005976","2022-02-11 08:34:24.664000000","2022-02-11 08:31:45.986000000",,"false",,"821",,
"6c890b88-81db-483b-b81d-236197f99aa8","af04d94c-d783-459b-bd77-20167fb6b6f1","P005977","06D8D843-1410-465A-8F93-742D25B1326A","PNNOVARTIS20160811","rwetedsf","fsdfsdaf","sdfhjavzsjh@bfjsdbf.com","Active","2","P005977","2022-02-11 08:59:25.381000000","2022-02-11 08:55:30.179000000",,"false",,,,
"61ca1137-24c0-4741-8591-790cbd1bc17b","41235573-c28c-4378-8115-16f060e5e445","P005978","25A5F868-E757-4A37-8A22-D86E1DBCA41A","PNNOVARTIS20160811","Test","Test","test01@1223.com","Active","2","P005978","2022-02-11 09:04:25.968000000","2022-02-11 08:59:30.879000000",,"false",,,,
"184ad413-5412-4d48-a8a1-73c45c51287c","4d739eda-e123-4995-ad83-995aca3bb442","P005979","A658657D-E75E-4D8A-991D-F0EBB5C3AF96","PNNOVARTIS20160811","Test","Test","test02@1223.com","Active","2","P005979","2022-02-11 09:04:26.540000000","2022-02-11 09:01:05.217000000",,"false",,,,
"6f1f8993-f0dd-4a5e-8934-0192fff7cfc3","1ee1e721-7c61-435e-8fda-3028ccc1f671","P005980","6403A5C7-6C61-4295-9290-1419FF9F465B","PNNOVARTIS20160811","Test","Test","test03@1223.com","Active","2","P005980","2022-02-11 09:04:27.135000000","2022-02-11 09:02:38.311000000",,"false",,,,
"8341b03d-25a8-4c14-86dc-799813ffc578","afa680b2-4537-4195-a850-e2d430404829","P005981","0F4D4816-7FAA-4F5C-B2F3-F0F4D291D1F5","PNNOVARTIS20160811","Test","Test","test04@1223.com","Active","2","P005981","2022-02-11 09:04:27.878000000","2022-02-11 09:04:11.112000000",,"false",,,,
"bbd35ab7-c494-46da-8b13-ec013c6410aa","30dbb2c1-3c9a-4778-a215-307b3c36a012","P005983","80E47004-F353-439A-B9D7-A4FE595B10FC","PNNOVARTIS20160811","Test","Test","test05@1223.com","Active","2","P005983","2022-02-11 09:09:28.658000000","2022-02-11 09:05:44.561000000",,"false",,,,
"6cf903b4-d740-40e4-896d-646b20293d8d","69082725-39ca-4b59-9d42-a3d660587890","P005985","F31DC7A1-641E-4EB7-B27D-3542F7CB256B","PNNOVARTIS20160811","Test","Test","test01@12234.com","Active","2","P005985","2022-02-11 09:24:29.437000000","2022-02-11 09:21:15.006000000",,"false",,,,
"79916e73-effd-4f3d-af82-e25e7b8d62b5","d83617ce-b287-4866-8b62-cf8c1049407e","P005986","D6D38A96-7061-43FF-8F8D-A481B011FF2F","PNNOVARTIS20160811","Test","Test","test02@12234.com","Active","2","P005986","2022-02-11 09:24:29.835000000","2022-02-11 09:22:48.298000000",,"false",,,,
"9dfb5cbb-5176-4f20-a1c1-370f7490f670","bcc5f0d8-a813-486e-996e-1ce8ff9f2b2b","P005987","E4760377-35FA-4354-9C28-9F4D7A993AD7","PNNOVARTIS20160811","Test","Test","test03@12234.com","Active","2","P005987","2022-02-11 09:24:30.380000000","2022-02-11 09:24:23.022000000",,"false",,,,
"d9768133-8645-4de2-8ec6-9b17625a772a","c3de8f88-e9ae-4e97-8fc7-8563f5800d9c","P005989","A4CEC757-FBA6-460C-A75E-EB02F1A3150D","PNNOVARTIS20160811","Test","Test","test04@12234.com","Active","2","P005989","2022-02-11 09:29:31.156000000","2022-02-11 09:25:56.904000000",,"false",,,,
"8c765764-3ed2-4754-a3bc-48f1533ec900","0b7fc69e-34b0-4f30-8b57-1851de5bbdd9","P005990","944908BD-4571-46F3-9DAF-EE994297E759","PNNOVARTIS20160811","Test","Test","test05@12234.com","Active","2","P005990","2022-02-11 09:29:31.664000000","2022-02-11 09:27:30.802000000",,"false",,,,
"26181410-49dd-49d5-a3eb-b022a223937d","1315a03c-e917-484c-a213-c13046c25a79","P006020","78B8BA7A-34C0-4E60-99ED-0DD9765570AA","PNSAP_6001","TestUser1","LastName","TestUser1_LastName01@mailinator.com","Active","1","P006020","2022-02-22 01:45:27.539000000","2022-02-22 01:44:26.753000000","P006019","false",,,,
"3d3b6300-d03c-48d0-9d77-a1e473b33d9d","c6095a1f-7424-4a22-a8ec-b3281fca9e03","P006048","D6759F16-7F16-43CE-9ED4-D4DC98D13F30","PNSAP_6001","Test1","Last1","Test1_Last1@mailinator.com","Active","2","P006048","2022-03-01 18:52:21.561000000","2022-03-01 18:50:24.573000000","P006019","false",,,,
"9c001386-f788-44e6-9709-18defc2d5ebe","798d8987-64f7-4abc-867a-473d9bf8eecb","P006033","556AA680-4F2F-4C06-B2D9-11CA338231B9","90123","tpiname","tpilastname","tpiemail@gmail.com","Active","1","P006033","2022-02-22 12:50:49.762000000","2022-02-22 12:47:14.148000000","P004886","true",,"90123",,"90123"
"591cf591-1e44-4603-919b-adf16f5af45f","227ceeea-b3ed-4ca8-8016-cdd9cd4f136a","P006034","B845D5CD-A68B-443D-8672-F390DD78CC9C","90142","webtest","webtestlast","webtest@gmail.com","Active","1","P006034","2022-02-22 12:50:50.325000000","2022-02-22 12:49:20.960000000","P004886","true",,"90142",,"90142"
"5a8efdd9-ebdd-4bc0-854b-6b245ac9a114","c546277a-b86e-45c0-b0e5-9503b8706d77","P006032","60B692C3-3927-45B6-A318-1151349DBA2B","9012","kbb2btest","b2btestlast","b2btestemail@gmail.com","Active","1","P006032","2022-02-22 12:45:48.440000000","2022-02-22 12:45:32.919000000","P004886","true",,"9012",,"9012"
"3b4ff709-260a-4998-9d11-134999960230","7fb656e5-93dd-4bb9-98e7-316e14fb8727","P006054","793D2CAC-7BC8-4EFC-8DF5-6536538B0A8A","PNNOVARTIS20160811","Admin","CustOrg","admincustorg48@mailinator.com","Active","1","P006054","2022-03-03 07:07:31.356000000","2022-03-03 07:02:45.569000000","P004762","true",,"PNNOVARTIS20160811",,"PNNOVARTIS20160811"
"c286a6bf-cd47-4390-9f33-8b8b5515011c","656f85e8-b53e-4803-954f-30ba04503f18","P006037","A53ECBC7-E4EA-4D85-8374-314FA9BE7D33","TESTIN_20220223072731","Test","name","TestUser_Invitation01@mailinator.com","Active","3","P006037","2022-02-23 07:31:01.587000000","2022-02-23 07:27:31.973000000",,"true","2022-02-23 07:41:45.250000000",,,"TESTIN_20220223072731"
"048badc5-52c3-4e3e-b15f-777c67b499ff","d64efcdc-8ec5-4cf2-bbd9-3631491b7395","P006030","E68A323B-7D7E-438E-A291-DB95051E111D","PARTNE_20220222083825","Partner","Email","bp_demo01@mailinator.com","Active","3","P006030","2022-02-22 08:40:41.972000000","2022-02-22 08:38:26.212000000",,"true","2022-02-23 09:21:30.444000000",,,"PARTNE_20220222083825"
"625e8bd2-fbf7-4f41-b0cf-1c88336f35f9","2145291b-ae22-4e1e-acf7-08801661ba71","P006038","163EF14D-8281-41C6-BC73-AD25A99E6990","PARTNE_20210617120829","Random","Comp499","bpreg2202_05@mailinator.com","Active","2","P006038","2022-02-24 02:51:09.298000000","2022-02-24 02:46:50.849000000","P004753","false",,,,
"8e34dce1-e79a-4554-a57e-065c57d9cbc1","0865048c-c26d-43ec-a56b-ca92bde8e27e","P006039","82F42978-116E-439C-8E0E-DB868FD98DA5","Customer_Org_Bug_Fix_1","First","User","firstuser_01@mail.com","Active","1","P006039","2022-02-24 08:01:12.922000000","2022-02-24 08:00:32.504000000","P004886","true",,"Customer_Org_Bug_Fix_1",,"Customer_Org_Bug_Fix_1"
"364f04b2-0a00-4b93-8fbf-7cd56ed5c6dc","48df3836-42c7-45fd-9222-3aa835f72169","P006040","998C4150-B8A8-4ADC-A1EC-BE5D05200960","Customer_Org_Bug_Fix_2","Second","User","seconduser_022@mail.com","Active","1","P006040","2022-02-24 08:06:13.601000000","2022-02-24 08:03:48.991000000","P004886","true",,"Customer_Org_Bug_Fix_2",,"Customer_Org_Bug_Fix_2"
"4b8ed3c1-884a-4545-a29d-d12504d0b3b7","e2d0c5fa-586c-4471-a1eb-103f06eca1cc","P006083","717F669C-E5CB-4888-8B40-BC4DC2088D25","PNSAP_220501","Test1","User1","aparnaalla9@gmail.com","Active","1","P006083","2022-03-10 05:40:40.378000000","2022-03-10 05:36:01.363000000","P004762","true",,"PNSAP_220501",,"PNSAP_220501"
"89f7a4e7-a4d2-4567-b66d-dd0861692c01","1d3baeb1-38c9-40d6-be76-fc74537584cd","P006063","56C1ECE4-B6C4-4994-85B3-6CB018EDCCFA","NEWORG_20220124163605","newtestuser","newtestuserlast","newtestuser@gmail.com","Active","1","P006063","2022-03-03 14:57:45.518000000","2022-03-03 14:56:27.256000000","P004762","true",,"NEWORG_20220124163605",,"NEWORG_20220124163605"
"81708dfd-2746-47ef-9a78-60890c6254c0","2974c939-c262-44f7-b95b-3cec5d7de896","P006069","A2B65737-0404-4220-8F87-AC357466970F","PNSAP_6001","Bug","16648","bug16648admin@mailinator.com","Active","1","P006069","2022-03-07 09:44:41.790000000","2022-03-07 09:40:04.921000000","P006019","true",,,,"Customer_Org_Bug_Fix_1"
"9b65f325-ea56-4053-a9c6-d528953c3f88","13c9e9d8-30b3-4827-aea6-866c709957a1","P006070","2706E2A2-2BDC-4F4B-954C-193882596CEE","PNSAP_6001","Bug","16648","bug16648@mailnesia.com","Active","1","P006070","2022-03-07 09:44:42.361000000","2022-03-07 09:42:22.668000000","P006019","true",,,,"PNNOVARTIS20160811"
"7db2b7f2-3c89-4fc8-9a5d-841747195bcb","01d6d0d1-b82d-4189-8934-e0abf331ae2f","P006071","71CEC186-DF84-4C6C-BA57-2B9688E4C2F5","BUG_20220307104325","Bug","16647","bug16647@mailnesia.com","Active","3","P006071","2022-03-07 10:44:43.106000000","2022-03-07 10:43:26.611000000",,"true",,,,"BUG_20220307104325"
"b4289f1f-8e8d-4130-ab9d-4374aafc3a83","bd085964-6c17-4b92-9a8c-ab4b95fb11ba","P006084","7E4DFF8C-D903-4908-ACFA-D2897AAC9FB3","PNSAP_220501","Test1","Customer1","Test1_Customer1@mailinator.com","Active","1","P006084","2022-03-10 05:45:41.154000000","2022-03-10 05:45:03.351000000","P006083","false",,,,
"d6c5743f-c877-4f9e-a0bf-58097539ec8e","0da4e9ca-45c3-4b8b-add4-c9c7a03e2075","P006085","48169EF1-1765-41CD-91B8-346C691ABACB","PNSAP_220501","Test2","Customer2","Test2_Customer2@mailinator.com","Active","2","P006085","2022-03-10 05:50:42.160000000","2022-03-10 05:46:44.497000000","P006083","false",,,,
"7aceeba9-7254-4c5e-b5f1-4b5882144fc0","947c3371-b3d8-41a0-a93a-1aa6c6eed896","P006086","468B3B86-9D49-410D-91E9-2B92F4CADCE1","PNSAP_220501","Test3","Customer3","Test3_customer3@mailinator.com","Active","1","P006086","2022-03-10 05:50:43.102000000","2022-03-10 05:49:18.917000000","P006083","false",,,,
"9d9df5ad-7a98-46c1-be4f-b33e9fb63499","0bb96aeb-7a6e-47e7-825c-4418071c1d08","P006087","EA3D5569-A161-4DBD-9F2C-34990A4699EA","PNSAP_220501","Test4","Customer4","Test4_Customer4@mailinator.com","Active","2","P006087","2022-03-10 05:55:44.036000000","2022-03-10 05:51:58.785000000","P006083","false",,,,
"37f6ca22-4d8a-4463-8d61-70092e38bce0","3559a126-9287-45e4-95c8-cb79e24a718a","P006091","915888D5-5660-40D2-AF1A-3FF169604A64","TESTBP_20220310085144","Test2","BusinessPartner2","Test2_BusinessPartner2@mailinator.com","Active","3","P006091","2022-03-10 08:54:14.859000000","2022-03-10 08:51:44.901000000",,"true","2022-03-10 08:58:24.134000000",,,"TESTBP_20220310085144"
"4df4219f-00c9-4cb1-8d85-31d8e570c38a","458195e6-ea0a-4de3-b8dd-5e989c781e12","P006090","C9CA6E28-155B-421D-93AA-4175BA4FF5D9","TESTBP_20220310085017","Test1","BusinessPartner1","Test1_BusinessPartner1@mailinator.com","Active","3","P006090","2022-03-10 08:54:14.076000000","2022-03-10 08:50:18.915000000",,"true","2022-03-10 08:59:36.570000000",,,"TESTBP_20220310085017"
"5b03578a-dcb0-4990-b249-1315bc40068f","22c4cb0b-b83c-479f-a395-cfe65478aa1d","P006093","CD29D3C2-CF7B-4960-AF81-FB36FBCA58A3","PNNOVARTIS20160811","testfirst","testlast","testfirstlastone@email.com","Active","1","P006093","2022-03-10 11:49:17.088000000","2022-03-10 11:49:14.290000000","P004754","false",,,,
"cb3e7f85-a8d8-452a-af66-013efe1f9a24","319e5f3d-4044-45ed-832e-2ca3f473f964","P006778","Portal:1BD8598F-401D-42EA-8358-03B7981C8BAC,PBC:C5F7E355-89A7-454A-9B29-86C6AEBC3A0B","COMP_20220714122958","1111111112229","comp","us1111111112229.comp@mailinator.com","Active","3","P006778","2022-07-14 12:30:58.042000000","2022-07-14 12:29:59.750000000",,"true","2022-07-14 12:33:17.942000000",,,"COMP_20220714122958"
"ad4666ea-a777-422c-b481-0670bb2a0a85","1e579b82-8189-41ea-888b-5d95814a5474","P006779","Portal:686545ED-D177-466E-AB75-C1ABAA3AAC8D,PBC:7C013C0C-1510-41F6-BC68-4199FD8F89CF","COMP_20220714124609","1111111112243","comp","1111111112243.comp@mailinator.com","Active","3","P006779","2022-07-14 12:50:59.486000000","2022-07-14 12:46:09.941000000",,"true",,,,"COMP_20220714124609"
"e45f77ad-66a7-4daf-9282-51416935abed","b30c246c-b629-4eea-838d-3b05f12bb154","P006784","Portal:D11F7035-5BAC-430E-94BB-238BF8EF0139,PBC:EF027BD0-352F-4996-B37C-5F052AC5A6F3","COMP_20220715054502","1111111112281","comp","1111111112281.comp@mailinator.com","Active","3","P006784","2022-07-15 05:46:03.848000000","2022-07-15 05:45:03.795000000",,"true","2022-07-15 05:48:17.143000000",,,"COMP_20220715054502"
"25750dc9-ce81-4c26-bc66-6d0db5836256","7b3d20de-010d-486a-b00c-84fc2d82c46e","P006786","Portal:9C670458-7E6A-4C44-87B9-1ACBF81A2AC3,PBC:D9EEB809-3389-49B0-A789-2D9899F4FAE0","TESTCO_20220718042628","test","GLN","testgln1@mailinator.com","Active","3","P006786","2022-07-18 04:31:18.728000000","2022-07-18 04:26:29.015000000",,"true",,,,"TESTCO_20220718042628"
"f1f79764-f3c6-4b75-bfff-e763221e99ff","44743ea4-5574-401e-981c-4fcb535cd2a9","P006787","Portal:35F0CA0E-0FFA-43CF-9114-40188DBD8026,PBC:AFE16E24-B219-49EB-8D83-D7335394572B","COMP_20220718043715","1111111112304","comp","1111111112304.com@mailinator.com","Active","3","P006787","2022-07-18 04:41:19.741000000","2022-07-18 04:37:15.694000000",,"true",,,,"COMP_20220718043715"
"52f88ef8-46ec-4f68-bd87-12b06b99c8ce","93b82435-3760-4cab-92c0-01b397b267ca","P006259","Portal:31143D0A-5452-4430-AC7E-FAAF95158B68,PBC:FB7F2A89-F389-4940-9D6C-EB1DEEF38035","USDSCSA001","Joan","Ji","j.ji@sap.com","Active","1","P006259","2022-07-18 09:36:02.873000000","2022-07-18 09:35:02.039000000","P006633","false",,,,"USDSCSA001"
"ebcbcb6a-8b72-448a-b1a7-13bc5b8c269e","71ab2130-c633-46c5-adf4-a10c4c876539","P006793","Portal:FD5745D8-FA93-438B-9BCC-DAD731FBD195,PBC:EA51B312-DC7B-4FA9-BA8E-96787C794F03","USDSCSA001","Joan","Ji","j.ji@mailinator.com","Active","1","P006793","2022-07-18 09:41:03.978000000","2022-07-18 09:36:49.520000000","P006633","false","2022-07-18 09:43:23.103000000",,,"USDSCSA001"