USER_ID	GRP_ID
a84140ca-6740-408d-918d-29006b4ab34c	dc9902b1-c9f0-4e08-8f8c-2cdd46bfc352
314de92e-b9d8-43e9-8a21-50b3b863df6d	e410ce0d-f99c-49cb-89eb-f679026f25f2
314de92e-b9d8-43e9-8a21-50b3b863df6d	f02bd545-3e43-4bdd-9917-5625e5c60df4
314de92e-b9d8-43e9-8a21-50b3b863df6d	1bcbc813-e8fd-435a-bca9-424a3e83ab5c
18938aa5-9f01-440d-8181-0fbc9edecbab	1bcbc813-e8fd-435a-bca9-424a3e83ab5c
b9c5f34c-46bf-4834-9546-00792e47f183	ebbf11e9-99ca-4df2-8203-b62d29843e40
64f2a425-d349-4c8b-a323-fb7dd9b140cb	13e5f126-3293-4b28-a1c7-2e7270c4d6b0
b9c5f34c-46bf-4834-9546-00792e47f183	0e8fbf02-4355-4ae0-bdca-0952082730a5
b9c5f34c-46bf-4834-9546-00792e47f183	13e5f126-3293-4b28-a1c7-2e7270c4d6b0
314de92e-b9d8-43e9-8a21-50b3b863df6d	5defc152-a1c3-49d9-aa7b-72154bba4807
b9c5f34c-46bf-4834-9546-00792e47f183	81710178-9025-4183-9f8d-298895833b5b
ecdceb99-d977-4ff3-bd51-793e9a9090d7	13e5f126-3293-4b28-a1c7-2e7270c4d6b0
b9c5f34c-46bf-4834-9546-00792e47f183	99617178-cc40-4c5a-9c20-3543cd543555
e7ad9073-c306-4873-b2c8-2de2246c6fa8	81710178-9025-4183-9f8d-298895833b5b
aba6215c-2ed9-4b69-9a8d-80235ca12334	13e5f126-3293-4b28-a1c7-2e7270c4d6b0
9f4b0219-f151-4b52-81af-7ccf03d7b918	13e5f126-3293-4b28-a1c7-2e7270c4d6b0
18938aa5-9f01-440d-8181-0fbc9edecbab	5defc152-a1c3-49d9-aa7b-72154bba4807
a3ec14f7-eca3-48a8-aa33-68eb80916fa8	0e8fbf02-4355-4ae0-bdca-0952082730a5
9f4b0219-f151-4b52-81af-7ccf03d7b918	81710178-9025-4183-9f8d-298895833b5b
b9c5f34c-46bf-4834-9546-00792e47f183	581bff55-d3ef-4535-9b75-42000cebdb2b
a3ec14f7-eca3-48a8-aa33-68eb80916fa8	13e5f126-3293-4b28-a1c7-2e7270c4d6b0
18938aa5-9f01-440d-8181-0fbc9edecbab	581bff55-d3ef-4535-9b75-42000cebdb2b
a3ec14f7-eca3-48a8-aa33-68eb80916fa8	81710178-9025-4183-9f8d-298895833b5b
9f4b0219-f151-4b52-81af-7ccf03d7b918	ebbf11e9-99ca-4df2-8203-b62d29843e40
b9c5f34c-46bf-4834-9546-00792e47f183	951da164-cec9-467d-a27d-145dbd1aaffa
a3ec14f7-eca3-48a8-aa33-68eb80916fa8	ebbf11e9-99ca-4df2-8203-b62d29843e40
18938aa5-9f01-440d-8181-0fbc9edecbab	4207be8b-27cd-4ac1-a9a2-e7d1a09a00cc
c16ae936-9140-46fb-943e-23a7b0971b16	13e5f126-3293-4b28-a1c7-2e7270c4d6b0
c16ae936-9140-46fb-943e-23a7b0971b16	ebbf11e9-99ca-4df2-8203-b62d29843e40
b9c5f34c-46bf-4834-9546-00792e47f183	b506ab15-a2e8-4f7d-92e3-123762097a97
cf36549d-2d03-43e9-afc2-e87f5b9a7cc5	13e5f126-3293-4b28-a1c7-2e7270c4d6b0
cf36549d-2d03-43e9-afc2-e87f5b9a7cc5	81710178-9025-4183-9f8d-298895833b5b
cf36549d-2d03-43e9-afc2-e87f5b9a7cc5	ebbf11e9-99ca-4df2-8203-b62d29843e40
b9c5f34c-46bf-4834-9546-00792e47f183	02877c79-bc57-4358-a3a7-1d144471478a
b8ff048c-4f74-4a7f-a194-83d101e86f02	13e5f126-3293-4b28-a1c7-2e7270c4d6b0
b8ff048c-4f74-4a7f-a194-83d101e86f02	81710178-9025-4183-9f8d-298895833b5b
b8ff048c-4f74-4a7f-a194-83d101e86f02	ebbf11e9-99ca-4df2-8203-b62d29843e40
832a02a5-aeb4-412a-a530-d9ebb070f99c	b506ab15-a2e8-4f7d-92e3-123762097a97
f922102c-16d1-49c5-adb2-2439599e093c	13e5f126-3293-4b28-a1c7-2e7270c4d6b0
f922102c-16d1-49c5-adb2-2439599e093c	81710178-9025-4183-9f8d-298895833b5b
f922102c-16d1-49c5-adb2-2439599e093c	ebbf11e9-99ca-4df2-8203-b62d29843e40
e608f129-bdf0-498d-9e6e-acbd7dbcfe95	a054e02f-c4b2-4608-9d93-9dcfec7c253f
8ca84ddf-9b65-4d23-8642-d91f5c13ed27	13e5f126-3293-4b28-a1c7-2e7270c4d6b0
8ca84ddf-9b65-4d23-8642-d91f5c13ed27	81710178-9025-4183-9f8d-298895833b5b
8ca84ddf-9b65-4d23-8642-d91f5c13ed27	ebbf11e9-99ca-4df2-8203-b62d29843e40
6ba66d74-959b-426e-bee0-d011afdc86af	581bff55-d3ef-4535-9b75-42000cebdb2b
6ba66d74-959b-426e-bee0-d011afdc86af	951da164-cec9-467d-a27d-145dbd1aaffa
6ba66d74-959b-426e-bee0-d011afdc86af	99617178-cc40-4c5a-9c20-3543cd543555
e608f129-bdf0-498d-9e6e-acbd7dbcfe95	13e5f126-3293-4b28-a1c7-2e7270c4d6b0
7e4eaee4-5a51-4380-a344-7be50062e47d	13e5f126-3293-4b28-a1c7-2e7270c4d6b0
7e4eaee4-5a51-4380-a344-7be50062e47d	81710178-9025-4183-9f8d-298895833b5b
7e4eaee4-5a51-4380-a344-7be50062e47d	ebbf11e9-99ca-4df2-8203-b62d29843e40
1afae6e8-4604-4ad5-bf04-3b5f81076950	581bff55-d3ef-4535-9b75-42000cebdb2b
e7a55dba-8594-47f7-8aec-af9d4d263deb	16eed6c8-da2d-416c-9a65-519d82dfe128
1afae6e8-4604-4ad5-bf04-3b5f81076950	951da164-cec9-467d-a27d-145dbd1aaffa
1afae6e8-4604-4ad5-bf04-3b5f81076950	99617178-cc40-4c5a-9c20-3543cd543555
1afae6e8-4604-4ad5-bf04-3b5f81076950	b506ab15-a2e8-4f7d-92e3-123762097a97
711f835b-f1c4-44e2-b618-6efee72d6976	0e8fbf02-4355-4ae0-bdca-0952082730a5
aba6215c-2ed9-4b69-9a8d-80235ca12334	16eed6c8-da2d-416c-9a65-519d82dfe128
711f835b-f1c4-44e2-b618-6efee72d6976	13e5f126-3293-4b28-a1c7-2e7270c4d6b0
711f835b-f1c4-44e2-b618-6efee72d6976	81710178-9025-4183-9f8d-298895833b5b
64f2a425-d349-4c8b-a323-fb7dd9b140cb	16eed6c8-da2d-416c-9a65-519d82dfe128
711f835b-f1c4-44e2-b618-6efee72d6976	ebbf11e9-99ca-4df2-8203-b62d29843e40
bbc98cce-ef8e-480b-bd39-e48d0333d9f9	581bff55-d3ef-4535-9b75-42000cebdb2b
e7a55dba-8594-47f7-8aec-af9d4d263deb	a054e02f-c4b2-4608-9d93-9dcfec7c253f
18938aa5-9f01-440d-8181-0fbc9edecbab	951da164-cec9-467d-a27d-145dbd1aaffa
18938aa5-9f01-440d-8181-0fbc9edecbab	99617178-cc40-4c5a-9c20-3543cd543555
314de92e-b9d8-43e9-8a21-50b3b863df6d	4207be8b-27cd-4ac1-a9a2-e7d1a09a00cc
2bf2c658-cf2f-4616-99b2-0d1191157165	857b725d-7c2a-4a30-a9b6-9394256dd9d4
e7a55dba-8594-47f7-8aec-af9d4d263deb	ebbf11e9-99ca-4df2-8203-b62d29843e40
bbc98cce-ef8e-480b-bd39-e48d0333d9f9	951da164-cec9-467d-a27d-145dbd1aaffa
bbc98cce-ef8e-480b-bd39-e48d0333d9f9	b506ab15-a2e8-4f7d-92e3-123762097a97
295219fa-8f89-40cc-95b9-c2c27ccedf56	02877c79-bc57-4358-a3a7-1d144471478a
295219fa-8f89-40cc-95b9-c2c27ccedf56	b506ab15-a2e8-4f7d-92e3-123762097a97
295219fa-8f89-40cc-95b9-c2c27ccedf56	951da164-cec9-467d-a27d-145dbd1aaffa
295219fa-8f89-40cc-95b9-c2c27ccedf56	581bff55-d3ef-4535-9b75-42000cebdb2b
56696651-93a7-4aac-82d6-00a9b9bac92a	b506ab15-a2e8-4f7d-92e3-123762097a97
18938aa5-9f01-440d-8181-0fbc9edecbab	0e8fbf02-4355-4ae0-bdca-0952082730a5
d5f791e5-5f3b-4a2d-9002-de719f6276f4	16eed6c8-da2d-416c-9a65-519d82dfe128
18938aa5-9f01-440d-8181-0fbc9edecbab	13e5f126-3293-4b28-a1c7-2e7270c4d6b0
18938aa5-9f01-440d-8181-0fbc9edecbab	81710178-9025-4183-9f8d-298895833b5b
ecdceb99-d977-4ff3-bd51-793e9a9090d7	16eed6c8-da2d-416c-9a65-519d82dfe128
18938aa5-9f01-440d-8181-0fbc9edecbab	ebbf11e9-99ca-4df2-8203-b62d29843e40
314de92e-b9d8-43e9-8a21-50b3b863df6d	857b725d-7c2a-4a30-a9b6-9394256dd9d4
18938aa5-9f01-440d-8181-0fbc9edecbab	857b725d-7c2a-4a30-a9b6-9394256dd9d4
e7ad9073-c306-4873-b2c8-2de2246c6fa8	e5ee33de-adc1-4de3-8186-fe1663c1a1bd
bc781941-552b-4e19-9041-086d98494a11	1bfd2c06-a9b1-4623-a681-61b59a9ee6ac
314de92e-b9d8-43e9-8a21-50b3b863df6d	0e8fbf02-4355-4ae0-bdca-0952082730a5
a3ec14f7-eca3-48a8-aa33-68eb80916fa8	16eed6c8-da2d-416c-9a65-519d82dfe128
314de92e-b9d8-43e9-8a21-50b3b863df6d	13e5f126-3293-4b28-a1c7-2e7270c4d6b0
314de92e-b9d8-43e9-8a21-50b3b863df6d	81710178-9025-4183-9f8d-298895833b5b
711f835b-f1c4-44e2-b618-6efee72d6976	16eed6c8-da2d-416c-9a65-519d82dfe128
314de92e-b9d8-43e9-8a21-50b3b863df6d	ebbf11e9-99ca-4df2-8203-b62d29843e40
bc781941-552b-4e19-9041-086d98494a11	79fa4e15-21a1-46fe-967d-d542a698cd39
bc781941-552b-4e19-9041-086d98494a11	6b4e1d0f-143f-4151-8f52-c250dc66622c
314de92e-b9d8-43e9-8a21-50b3b863df6d	dc9902b1-c9f0-4e08-8f8c-2cdd46bfc352
314de92e-b9d8-43e9-8a21-50b3b863df6d	02877c79-bc57-4358-a3a7-1d144471478a
314de92e-b9d8-43e9-8a21-50b3b863df6d	581bff55-d3ef-4535-9b75-42000cebdb2b
e7a55dba-8594-47f7-8aec-af9d4d263deb	13e5f126-3293-4b28-a1c7-2e7270c4d6b0
314de92e-b9d8-43e9-8a21-50b3b863df6d	951da164-cec9-467d-a27d-145dbd1aaffa
314de92e-b9d8-43e9-8a21-50b3b863df6d	99617178-cc40-4c5a-9c20-3543cd543555
314de92e-b9d8-43e9-8a21-50b3b863df6d	b506ab15-a2e8-4f7d-92e3-123762097a97
e7ad9073-c306-4873-b2c8-2de2246c6fa8	6b4e1d0f-143f-4151-8f52-c250dc66622c
18938aa5-9f01-440d-8181-0fbc9edecbab	16eed6c8-da2d-416c-9a65-519d82dfe128
562ebafe-c2ac-4e5c-b3ba-863e0272ae20	ebbf11e9-99ca-4df2-8203-b62d29843e40
562ebafe-c2ac-4e5c-b3ba-863e0272ae20	13e5f126-3293-4b28-a1c7-2e7270c4d6b0
562ebafe-c2ac-4e5c-b3ba-863e0272ae20	81710178-9025-4183-9f8d-298895833b5b
cbc612b6-40f0-4b21-b7a3-d3ff86ce2709	1bcbc813-e8fd-435a-bca9-424a3e83ab5c
cbc612b6-40f0-4b21-b7a3-d3ff86ce2709	4207be8b-27cd-4ac1-a9a2-e7d1a09a00cc
cbc612b6-40f0-4b21-b7a3-d3ff86ce2709	5defc152-a1c3-49d9-aa7b-72154bba4807
cbc612b6-40f0-4b21-b7a3-d3ff86ce2709	857b725d-7c2a-4a30-a9b6-9394256dd9d4
314de92e-b9d8-43e9-8a21-50b3b863df6d	16eed6c8-da2d-416c-9a65-519d82dfe128
cbc612b6-40f0-4b21-b7a3-d3ff86ce2709	16eed6c8-da2d-416c-9a65-519d82dfe128
cbc612b6-40f0-4b21-b7a3-d3ff86ce2709	a054e02f-c4b2-4608-9d93-9dcfec7c253f
cbc612b6-40f0-4b21-b7a3-d3ff86ce2709	ebbf11e9-99ca-4df2-8203-b62d29843e40
436b8dda-fe05-4578-8122-83749211aa25	581bff55-d3ef-4535-9b75-42000cebdb2b
436b8dda-fe05-4578-8122-83749211aa25	951da164-cec9-467d-a27d-145dbd1aaffa
cbc612b6-40f0-4b21-b7a3-d3ff86ce2709	0e8fbf02-4355-4ae0-bdca-0952082730a5
cbc612b6-40f0-4b21-b7a3-d3ff86ce2709	13e5f126-3293-4b28-a1c7-2e7270c4d6b0
cbc612b6-40f0-4b21-b7a3-d3ff86ce2709	81710178-9025-4183-9f8d-298895833b5b
cbc612b6-40f0-4b21-b7a3-d3ff86ce2709	f02bd545-3e43-4bdd-9917-5625e5c60df4
3e18e588-06f6-4a6f-93f0-82775b0c8de2	581bff55-d3ef-4535-9b75-42000cebdb2b
3e18e588-06f6-4a6f-93f0-82775b0c8de2	951da164-cec9-467d-a27d-145dbd1aaffa
e7a55dba-8594-47f7-8aec-af9d4d263deb	581bff55-d3ef-4535-9b75-42000cebdb2b
3e18e588-06f6-4a6f-93f0-82775b0c8de2	b506ab15-a2e8-4f7d-92e3-123762097a97
3e18e588-06f6-4a6f-93f0-82775b0c8de2	02877c79-bc57-4358-a3a7-1d144471478a
5adec40f-a831-41c4-a30b-cbaa7a61a481	581bff55-d3ef-4535-9b75-42000cebdb2b
5adec40f-a831-41c4-a30b-cbaa7a61a481	951da164-cec9-467d-a27d-145dbd1aaffa
85453df2-d7b9-4d85-922a-a1e1b20acfaf	951da164-cec9-467d-a27d-145dbd1aaffa
6ba66d74-959b-426e-bee0-d011afdc86af	02877c79-bc57-4358-a3a7-1d144471478a
cbc612b6-40f0-4b21-b7a3-d3ff86ce2709	e410ce0d-f99c-49cb-89eb-f679026f25f2
cbc612b6-40f0-4b21-b7a3-d3ff86ce2709	99617178-cc40-4c5a-9c20-3543cd543555
cbc612b6-40f0-4b21-b7a3-d3ff86ce2709	581bff55-d3ef-4535-9b75-42000cebdb2b
3932ef31-cf73-4cb5-9dcf-633d6747c9f4	b506ab15-a2e8-4f7d-92e3-123762097a97
cbc612b6-40f0-4b21-b7a3-d3ff86ce2709	951da164-cec9-467d-a27d-145dbd1aaffa
cbc612b6-40f0-4b21-b7a3-d3ff86ce2709	b506ab15-a2e8-4f7d-92e3-123762097a97
e7a55dba-8594-47f7-8aec-af9d4d263deb	951da164-cec9-467d-a27d-145dbd1aaffa
9eebd47a-840f-46f6-8c93-3544d767f764	16eed6c8-da2d-416c-9a65-519d82dfe128
e7a55dba-8594-47f7-8aec-af9d4d263deb	b506ab15-a2e8-4f7d-92e3-123762097a97
e7a55dba-8594-47f7-8aec-af9d4d263deb	02877c79-bc57-4358-a3a7-1d144471478a
8c297739-bfb1-42d3-8333-c396bf2d6e50	581bff55-d3ef-4535-9b75-42000cebdb2b
8c297739-bfb1-42d3-8333-c396bf2d6e50	951da164-cec9-467d-a27d-145dbd1aaffa
7c20a8d8-8aa9-4cfb-ae4f-84e596fb1e81	ebbf11e9-99ca-4df2-8203-b62d29843e40
7c20a8d8-8aa9-4cfb-ae4f-84e596fb1e81	13e5f126-3293-4b28-a1c7-2e7270c4d6b0
9b080554-339a-435d-85ea-96852cb65f41	581bff55-d3ef-4535-9b75-42000cebdb2b
9b080554-339a-435d-85ea-96852cb65f41	951da164-cec9-467d-a27d-145dbd1aaffa
ec2b9607-e2a3-441c-acba-310c28007314	581bff55-d3ef-4535-9b75-42000cebdb2b
ec2b9607-e2a3-441c-acba-310c28007314	951da164-cec9-467d-a27d-145dbd1aaffa
421a4c41-0dc1-4004-b945-eb9c0514a565	581bff55-d3ef-4535-9b75-42000cebdb2b
421a4c41-0dc1-4004-b945-eb9c0514a565	951da164-cec9-467d-a27d-145dbd1aaffa
8c297739-bfb1-42d3-8333-c396bf2d6e50	b506ab15-a2e8-4f7d-92e3-123762097a97
421a4c41-0dc1-4004-b945-eb9c0514a565	b506ab15-a2e8-4f7d-92e3-123762097a97
421a4c41-0dc1-4004-b945-eb9c0514a565	02877c79-bc57-4358-a3a7-1d144471478a
f8fbce39-b678-4122-9dc0-4ef67726683b	581bff55-d3ef-4535-9b75-42000cebdb2b
f8fbce39-b678-4122-9dc0-4ef67726683b	951da164-cec9-467d-a27d-145dbd1aaffa
812a9da8-87fa-49bf-8701-fe259dab6ec2	9243afad-a58e-4333-ac28-ade5e273f561
bb7286aa-5184-4ccb-8f34-ac5d61700eab	0e8fbf02-4355-4ae0-bdca-0952082730a5
60c99ffb-eb12-454d-b3f8-887846b981e5	0e8fbf02-4355-4ae0-bdca-0952082730a5
c0649d6e-5e5c-4696-b46d-2bb8cc72387c	0e8fbf02-4355-4ae0-bdca-0952082730a5
7233d5a7-9262-45cb-b483-409d529f131b	0e8fbf02-4355-4ae0-bdca-0952082730a5
b202305e-1bc6-4010-843f-823275173504	0e8fbf02-4355-4ae0-bdca-0952082730a5
075ddc21-7752-48d9-933f-69cde5a91f86	0e8fbf02-4355-4ae0-bdca-0952082730a5
d3b59f6b-6099-48bc-8605-fef822714d24	0e8fbf02-4355-4ae0-bdca-0952082730a5
812a9da8-87fa-49bf-8701-fe259dab6ec2	0e8fbf02-4355-4ae0-bdca-0952082730a5
62af3133-0ad8-4dfa-9cbc-d12269bfd759	0e8fbf02-4355-4ae0-bdca-0952082730a5
8e3fa458-4db3-478f-b2ba-b4d80f24d5ee	b506ab15-a2e8-4f7d-92e3-123762097a97
8e3fa458-4db3-478f-b2ba-b4d80f24d5ee	4e169718-e8d7-4893-b2f9-3e998c39673c
8e3fa458-4db3-478f-b2ba-b4d80f24d5ee	086ecdf0-d82b-4558-94d6-0a66de3e76d8
8c297739-bfb1-42d3-8333-c396bf2d6e50	02877c79-bc57-4358-a3a7-1d144471478a
8e3fa458-4db3-478f-b2ba-b4d80f24d5ee	ecd19e31-7bb1-4fbe-81b6-7f1ac615d32b
cbc612b6-40f0-4b21-b7a3-d3ff86ce2709	02877c79-bc57-4358-a3a7-1d144471478a
b82222aa-be06-4efa-9d3b-779c3a5466e4	2c6c5724-5095-4489-9ce9-262be1e52b55
c4f432e4-7db5-4c46-8ec1-d3ca7951c0c3	4e169718-e8d7-4893-b2f9-3e998c39673c
c4f432e4-7db5-4c46-8ec1-d3ca7951c0c3	086ecdf0-d82b-4558-94d6-0a66de3e76d8
b82222aa-be06-4efa-9d3b-779c3a5466e4	68bb7bd4-c863-4d1e-bd35-df1df060be89
c4f432e4-7db5-4c46-8ec1-d3ca7951c0c3	4cd232e9-8f83-4a14-b604-3ae7e78f473f
c4f432e4-7db5-4c46-8ec1-d3ca7951c0c3	8d227010-3cb6-4f40-bb8a-c22d20740400
c4f432e4-7db5-4c46-8ec1-d3ca7951c0c3	21570782-e39f-48d2-b1d4-79efe2d6d07b
005aabca-af12-46c6-817a-7221e8f42fb7	951da164-cec9-467d-a27d-145dbd1aaffa
005aabca-af12-46c6-817a-7221e8f42fb7	581bff55-d3ef-4535-9b75-42000cebdb2b
27bbc3b9-6628-4133-b762-ea6ae4b76652	b506ab15-a2e8-4f7d-92e3-123762097a97
27bbc3b9-6628-4133-b762-ea6ae4b76652	951da164-cec9-467d-a27d-145dbd1aaffa
27bbc3b9-6628-4133-b762-ea6ae4b76652	99617178-cc40-4c5a-9c20-3543cd543555
27bbc3b9-6628-4133-b762-ea6ae4b76652	581bff55-d3ef-4535-9b75-42000cebdb2b
80ddd56d-8325-4e18-8056-51497c344f0d	ebbf11e9-99ca-4df2-8203-b62d29843e40
bb7286aa-5184-4ccb-8f34-ac5d61700eab	ebbf11e9-99ca-4df2-8203-b62d29843e40
60c99ffb-eb12-454d-b3f8-887846b981e5	ebbf11e9-99ca-4df2-8203-b62d29843e40
e2dfc3b8-61f4-486c-a05f-0f3dea2d3bbb	ebbf11e9-99ca-4df2-8203-b62d29843e40
54b1dfa0-235f-4864-9162-2430c3de0113	ebbf11e9-99ca-4df2-8203-b62d29843e40
c0649d6e-5e5c-4696-b46d-2bb8cc72387c	ebbf11e9-99ca-4df2-8203-b62d29843e40
7233d5a7-9262-45cb-b483-409d529f131b	ebbf11e9-99ca-4df2-8203-b62d29843e40
b202305e-1bc6-4010-843f-823275173504	ebbf11e9-99ca-4df2-8203-b62d29843e40
b9aab5b2-0038-44d8-b1e4-6302c1902633	ebbf11e9-99ca-4df2-8203-b62d29843e40
d3b59f6b-6099-48bc-8605-fef822714d24	ebbf11e9-99ca-4df2-8203-b62d29843e40
84a4980e-35ca-4536-8286-cc1d0d1d1457	ebbf11e9-99ca-4df2-8203-b62d29843e40
9cb01e0e-72e9-40e6-819e-e333d8ba99d3	ebbf11e9-99ca-4df2-8203-b62d29843e40
be5680e5-d0ce-406a-bf72-fbd5d3f82b95	ebbf11e9-99ca-4df2-8203-b62d29843e40
be5680e5-d0ce-406a-bf72-fbd5d3f82b95	9243afad-a58e-4333-ac28-ade5e273f561
e9b6a008-802d-4f99-abf3-028368140adc	ebbf11e9-99ca-4df2-8203-b62d29843e40
3932ef31-cf73-4cb5-9dcf-633d6747c9f4	02877c79-bc57-4358-a3a7-1d144471478a
3932ef31-cf73-4cb5-9dcf-633d6747c9f4	951da164-cec9-467d-a27d-145dbd1aaffa
3932ef31-cf73-4cb5-9dcf-633d6747c9f4	99617178-cc40-4c5a-9c20-3543cd543555
3932ef31-cf73-4cb5-9dcf-633d6747c9f4	581bff55-d3ef-4535-9b75-42000cebdb2b
1fd139c1-49a0-4be3-9ff7-e89c50c6008c	2c6c5724-5095-4489-9ce9-262be1e52b55
1fd139c1-49a0-4be3-9ff7-e89c50c6008c	7e77b452-e8ad-44cd-94fa-408b3a44d1f8
1fd139c1-49a0-4be3-9ff7-e89c50c6008c	74aec660-3e88-4fa4-95a5-9b34ece7abcf
6981bef5-9c68-459d-a4b5-02dd6a33a383	02877c79-bc57-4358-a3a7-1d144471478a
6981bef5-9c68-459d-a4b5-02dd6a33a383	951da164-cec9-467d-a27d-145dbd1aaffa
6981bef5-9c68-459d-a4b5-02dd6a33a383	581bff55-d3ef-4535-9b75-42000cebdb2b
ca45428a-1da4-44dd-a82d-e8787cd22e59	b506ab15-a2e8-4f7d-92e3-123762097a97
1fd139c1-49a0-4be3-9ff7-e89c50c6008c	154c296a-4c6d-49c6-8f9e-10346a4ab52f
ca45428a-1da4-44dd-a82d-e8787cd22e59	02877c79-bc57-4358-a3a7-1d144471478a
ca45428a-1da4-44dd-a82d-e8787cd22e59	951da164-cec9-467d-a27d-145dbd1aaffa
ca45428a-1da4-44dd-a82d-e8787cd22e59	99617178-cc40-4c5a-9c20-3543cd543555
ca45428a-1da4-44dd-a82d-e8787cd22e59	581bff55-d3ef-4535-9b75-42000cebdb2b
ad5ca863-7e02-478f-99b2-3fd604e7d910	581bff55-d3ef-4535-9b75-42000cebdb2b
ad5ca863-7e02-478f-99b2-3fd604e7d910	951da164-cec9-467d-a27d-145dbd1aaffa
4061471c-dc30-4bfd-8ae7-466ec026f163	581bff55-d3ef-4535-9b75-42000cebdb2b
4061471c-dc30-4bfd-8ae7-466ec026f163	951da164-cec9-467d-a27d-145dbd1aaffa
4061471c-dc30-4bfd-8ae7-466ec026f163	02877c79-bc57-4358-a3a7-1d144471478a
a3ec14f7-eca3-48a8-aa33-68eb80916fa8	5defc152-a1c3-49d9-aa7b-72154bba4807
a3ec14f7-eca3-48a8-aa33-68eb80916fa8	1bcbc813-e8fd-435a-bca9-424a3e83ab5c
a3ec14f7-eca3-48a8-aa33-68eb80916fa8	4207be8b-27cd-4ac1-a9a2-e7d1a09a00cc
a3ec14f7-eca3-48a8-aa33-68eb80916fa8	857b725d-7c2a-4a30-a9b6-9394256dd9d4
a3ec14f7-eca3-48a8-aa33-68eb80916fa8	99617178-cc40-4c5a-9c20-3543cd543555
a3ec14f7-eca3-48a8-aa33-68eb80916fa8	581bff55-d3ef-4535-9b75-42000cebdb2b
a3ec14f7-eca3-48a8-aa33-68eb80916fa8	951da164-cec9-467d-a27d-145dbd1aaffa
a3ec14f7-eca3-48a8-aa33-68eb80916fa8	b506ab15-a2e8-4f7d-92e3-123762097a97
a3ec14f7-eca3-48a8-aa33-68eb80916fa8	02877c79-bc57-4358-a3a7-1d144471478a
c0649d6e-5e5c-4696-b46d-2bb8cc72387c	16eed6c8-da2d-416c-9a65-519d82dfe128
b9c5f34c-46bf-4834-9546-00792e47f183	16eed6c8-da2d-416c-9a65-519d82dfe128
9eebd47a-840f-46f6-8c93-3544d767f764	ebbf11e9-99ca-4df2-8203-b62d29843e40
9eebd47a-840f-46f6-8c93-3544d767f764	0e8fbf02-4355-4ae0-bdca-0952082730a5
9eebd47a-840f-46f6-8c93-3544d767f764	13e5f126-3293-4b28-a1c7-2e7270c4d6b0
9eebd47a-840f-46f6-8c93-3544d767f764	81710178-9025-4183-9f8d-298895833b5b
9f4b0219-f151-4b52-81af-7ccf03d7b918	a054e02f-c4b2-4608-9d93-9dcfec7c253f
6f73b732-c68c-4a3d-9b87-45a545f670c6	ebbf11e9-99ca-4df2-8203-b62d29843e40
6f73b732-c68c-4a3d-9b87-45a545f670c6	13e5f126-3293-4b28-a1c7-2e7270c4d6b0
6f73b732-c68c-4a3d-9b87-45a545f670c6	81710178-9025-4183-9f8d-298895833b5b
a3ec14f7-eca3-48a8-aa33-68eb80916fa8	a054e02f-c4b2-4608-9d93-9dcfec7c253f
2272f24a-8870-4778-b415-ca1b0865133e	ebbf11e9-99ca-4df2-8203-b62d29843e40
2272f24a-8870-4778-b415-ca1b0865133e	13e5f126-3293-4b28-a1c7-2e7270c4d6b0
2272f24a-8870-4778-b415-ca1b0865133e	81710178-9025-4183-9f8d-298895833b5b
cf36549d-2d03-43e9-afc2-e87f5b9a7cc5	a054e02f-c4b2-4608-9d93-9dcfec7c253f
b8ff048c-4f74-4a7f-a194-83d101e86f02	a054e02f-c4b2-4608-9d93-9dcfec7c253f
c0649d6e-5e5c-4696-b46d-2bb8cc72387c	13e5f126-3293-4b28-a1c7-2e7270c4d6b0
c0649d6e-5e5c-4696-b46d-2bb8cc72387c	81710178-9025-4183-9f8d-298895833b5b
c0649d6e-5e5c-4696-b46d-2bb8cc72387c	99617178-cc40-4c5a-9c20-3543cd543555
c0649d6e-5e5c-4696-b46d-2bb8cc72387c	581bff55-d3ef-4535-9b75-42000cebdb2b
c0649d6e-5e5c-4696-b46d-2bb8cc72387c	951da164-cec9-467d-a27d-145dbd1aaffa
c0649d6e-5e5c-4696-b46d-2bb8cc72387c	b506ab15-a2e8-4f7d-92e3-123762097a97
c0649d6e-5e5c-4696-b46d-2bb8cc72387c	02877c79-bc57-4358-a3a7-1d144471478a
b9c5f34c-46bf-4834-9546-00792e47f183	1bcbc813-e8fd-435a-bca9-424a3e83ab5c
b9c5f34c-46bf-4834-9546-00792e47f183	4207be8b-27cd-4ac1-a9a2-e7d1a09a00cc
b9c5f34c-46bf-4834-9546-00792e47f183	5defc152-a1c3-49d9-aa7b-72154bba4807
b9c5f34c-46bf-4834-9546-00792e47f183	857b725d-7c2a-4a30-a9b6-9394256dd9d4
b9c5f34c-46bf-4834-9546-00792e47f183	f02bd545-3e43-4bdd-9917-5625e5c60df4
f922102c-16d1-49c5-adb2-2439599e093c	a054e02f-c4b2-4608-9d93-9dcfec7c253f
8ca84ddf-9b65-4d23-8642-d91f5c13ed27	a054e02f-c4b2-4608-9d93-9dcfec7c253f
7e4eaee4-5a51-4380-a344-7be50062e47d	a054e02f-c4b2-4608-9d93-9dcfec7c253f
711f835b-f1c4-44e2-b618-6efee72d6976	a054e02f-c4b2-4608-9d93-9dcfec7c253f
18938aa5-9f01-440d-8181-0fbc9edecbab	a054e02f-c4b2-4608-9d93-9dcfec7c253f
314de92e-b9d8-43e9-8a21-50b3b863df6d	a054e02f-c4b2-4608-9d93-9dcfec7c253f
562ebafe-c2ac-4e5c-b3ba-863e0272ae20	a054e02f-c4b2-4608-9d93-9dcfec7c253f
b9c5f34c-46bf-4834-9546-00792e47f183	e410ce0d-f99c-49cb-89eb-f679026f25f2
1fd139c1-49a0-4be3-9ff7-e89c50c6008c	8d227010-3cb6-4f40-bb8a-c22d20740400
1fd139c1-49a0-4be3-9ff7-e89c50c6008c	ecd19e31-7bb1-4fbe-81b6-7f1ac615d32b
9eebd47a-840f-46f6-8c93-3544d767f764	a054e02f-c4b2-4608-9d93-9dcfec7c253f
6f73b732-c68c-4a3d-9b87-45a545f670c6	a054e02f-c4b2-4608-9d93-9dcfec7c253f
2272f24a-8870-4778-b415-ca1b0865133e	a054e02f-c4b2-4608-9d93-9dcfec7c253f
c0649d6e-5e5c-4696-b46d-2bb8cc72387c	a054e02f-c4b2-4608-9d93-9dcfec7c253f
b9c5f34c-46bf-4834-9546-00792e47f183	a054e02f-c4b2-4608-9d93-9dcfec7c253f
e608f129-bdf0-498d-9e6e-acbd7dbcfe95	b506ab15-a2e8-4f7d-92e3-123762097a97
e608f129-bdf0-498d-9e6e-acbd7dbcfe95	02877c79-bc57-4358-a3a7-1d144471478a
1fd139c1-49a0-4be3-9ff7-e89c50c6008c	21570782-e39f-48d2-b1d4-79efe2d6d07b
268f4e03-c9ee-4add-bc9f-d6eb00a8b1ce	99617178-cc40-4c5a-9c20-3543cd543555
268f4e03-c9ee-4add-bc9f-d6eb00a8b1ce	581bff55-d3ef-4535-9b75-42000cebdb2b
268f4e03-c9ee-4add-bc9f-d6eb00a8b1ce	951da164-cec9-467d-a27d-145dbd1aaffa
268f4e03-c9ee-4add-bc9f-d6eb00a8b1ce	b506ab15-a2e8-4f7d-92e3-123762097a97
268f4e03-c9ee-4add-bc9f-d6eb00a8b1ce	02877c79-bc57-4358-a3a7-1d144471478a
c936cdf8-d6c7-4575-a23c-5b20ee096842	b506ab15-a2e8-4f7d-92e3-123762097a97
c936cdf8-d6c7-4575-a23c-5b20ee096842	21570782-e39f-48d2-b1d4-79efe2d6d07b
d90634e5-084c-45a1-8c69-e4f39638dd84	b506ab15-a2e8-4f7d-92e3-123762097a97
d90634e5-084c-45a1-8c69-e4f39638dd84	4e169718-e8d7-4893-b2f9-3e998c39673c
d90634e5-084c-45a1-8c69-e4f39638dd84	086ecdf0-d82b-4558-94d6-0a66de3e76d8
d90634e5-084c-45a1-8c69-e4f39638dd84	722410a0-42af-4a06-b9aa-14d6cabfc275
d90634e5-084c-45a1-8c69-e4f39638dd84	ecd19e31-7bb1-4fbe-81b6-7f1ac615d32b
d90634e5-084c-45a1-8c69-e4f39638dd84	006a2014-e18f-46c7-87e3-628059b5a01e
e53cdcd3-564a-4cbf-99d0-035f65abb459	4e169718-e8d7-4893-b2f9-3e998c39673c
e53cdcd3-564a-4cbf-99d0-035f65abb459	086ecdf0-d82b-4558-94d6-0a66de3e76d8
e53cdcd3-564a-4cbf-99d0-035f65abb459	4cd232e9-8f83-4a14-b604-3ae7e78f473f
e53cdcd3-564a-4cbf-99d0-035f65abb459	8d227010-3cb6-4f40-bb8a-c22d20740400
e53cdcd3-564a-4cbf-99d0-035f65abb459	21570782-e39f-48d2-b1d4-79efe2d6d07b
29f14e05-189b-4dbb-8133-ac6652639158	02877c79-bc57-4358-a3a7-1d144471478a
29f14e05-189b-4dbb-8133-ac6652639158	951da164-cec9-467d-a27d-145dbd1aaffa
29f14e05-189b-4dbb-8133-ac6652639158	99617178-cc40-4c5a-9c20-3543cd543555
29f14e05-189b-4dbb-8133-ac6652639158	581bff55-d3ef-4535-9b75-42000cebdb2b
9f333c19-beb5-418e-82a3-1368761f1598	b506ab15-a2e8-4f7d-92e3-123762097a97
9f333c19-beb5-418e-82a3-1368761f1598	951da164-cec9-467d-a27d-145dbd1aaffa
9f333c19-beb5-418e-82a3-1368761f1598	99617178-cc40-4c5a-9c20-3543cd543555
9f333c19-beb5-418e-82a3-1368761f1598	581bff55-d3ef-4535-9b75-42000cebdb2b
d0acfb39-e253-42f5-8338-8c94c4d655ee	b506ab15-a2e8-4f7d-92e3-123762097a97
d0acfb39-e253-42f5-8338-8c94c4d655ee	951da164-cec9-467d-a27d-145dbd1aaffa
d0acfb39-e253-42f5-8338-8c94c4d655ee	99617178-cc40-4c5a-9c20-3543cd543555
d0acfb39-e253-42f5-8338-8c94c4d655ee	581bff55-d3ef-4535-9b75-42000cebdb2b
5a22b7ea-7fa4-4289-8e74-d22207bd26c6	b506ab15-a2e8-4f7d-92e3-123762097a97
5a22b7ea-7fa4-4289-8e74-d22207bd26c6	951da164-cec9-467d-a27d-145dbd1aaffa
5a22b7ea-7fa4-4289-8e74-d22207bd26c6	99617178-cc40-4c5a-9c20-3543cd543555
5a22b7ea-7fa4-4289-8e74-d22207bd26c6	581bff55-d3ef-4535-9b75-42000cebdb2b
9f4241fb-bfc0-4027-ae40-bad3b4f4b921	b506ab15-a2e8-4f7d-92e3-123762097a97
90de2f6e-c69f-44d7-b491-47723aecbfe9	b506ab15-a2e8-4f7d-92e3-123762097a97
90de2f6e-c69f-44d7-b491-47723aecbfe9	02877c79-bc57-4358-a3a7-1d144471478a
90de2f6e-c69f-44d7-b491-47723aecbfe9	951da164-cec9-467d-a27d-145dbd1aaffa
90de2f6e-c69f-44d7-b491-47723aecbfe9	99617178-cc40-4c5a-9c20-3543cd543555
90de2f6e-c69f-44d7-b491-47723aecbfe9	581bff55-d3ef-4535-9b75-42000cebdb2b
c15777fd-10ef-40d7-92c6-45062966a169	b506ab15-a2e8-4f7d-92e3-123762097a97
c15777fd-10ef-40d7-92c6-45062966a169	951da164-cec9-467d-a27d-145dbd1aaffa
c15777fd-10ef-40d7-92c6-45062966a169	581bff55-d3ef-4535-9b75-42000cebdb2b
43824d58-e171-4ba6-897c-9a9c77d42bf1	b506ab15-a2e8-4f7d-92e3-123762097a97
43824d58-e171-4ba6-897c-9a9c77d42bf1	02877c79-bc57-4358-a3a7-1d144471478a
43824d58-e171-4ba6-897c-9a9c77d42bf1	951da164-cec9-467d-a27d-145dbd1aaffa
43824d58-e171-4ba6-897c-9a9c77d42bf1	581bff55-d3ef-4535-9b75-42000cebdb2b
97796c62-4c3c-4ee6-82a5-dc745bc72d86	b506ab15-a2e8-4f7d-92e3-123762097a97
97796c62-4c3c-4ee6-82a5-dc745bc72d86	02877c79-bc57-4358-a3a7-1d144471478a
97796c62-4c3c-4ee6-82a5-dc745bc72d86	951da164-cec9-467d-a27d-145dbd1aaffa
97796c62-4c3c-4ee6-82a5-dc745bc72d86	99617178-cc40-4c5a-9c20-3543cd543555
97796c62-4c3c-4ee6-82a5-dc745bc72d86	581bff55-d3ef-4535-9b75-42000cebdb2b
acd25a6b-32ef-4ac2-8807-f04ecba43f81	02877c79-bc57-4358-a3a7-1d144471478a
acd25a6b-32ef-4ac2-8807-f04ecba43f81	951da164-cec9-467d-a27d-145dbd1aaffa
acd25a6b-32ef-4ac2-8807-f04ecba43f81	581bff55-d3ef-4535-9b75-42000cebdb2b
93f80faa-2c99-4c7b-baba-0e8369eee18a	b506ab15-a2e8-4f7d-92e3-123762097a97
93f80faa-2c99-4c7b-baba-0e8369eee18a	02877c79-bc57-4358-a3a7-1d144471478a
93f80faa-2c99-4c7b-baba-0e8369eee18a	951da164-cec9-467d-a27d-145dbd1aaffa
93f80faa-2c99-4c7b-baba-0e8369eee18a	581bff55-d3ef-4535-9b75-42000cebdb2b
198ddf42-9627-417d-825d-0ea1e9ef5de7	951da164-cec9-467d-a27d-145dbd1aaffa
198ddf42-9627-417d-825d-0ea1e9ef5de7	581bff55-d3ef-4535-9b75-42000cebdb2b
47ab5c93-821a-42ae-9dad-4875dab543e6	951da164-cec9-467d-a27d-145dbd1aaffa
ab973d12-18f0-4026-9199-26c3394b7416	b506ab15-a2e8-4f7d-92e3-123762097a97
ab973d12-18f0-4026-9199-26c3394b7416	02877c79-bc57-4358-a3a7-1d144471478a
ab973d12-18f0-4026-9199-26c3394b7416	951da164-cec9-467d-a27d-145dbd1aaffa
ab973d12-18f0-4026-9199-26c3394b7416	99617178-cc40-4c5a-9c20-3543cd543555
ab973d12-18f0-4026-9199-26c3394b7416	581bff55-d3ef-4535-9b75-42000cebdb2b
2b54a65b-9c1b-42a1-b69c-79aa87ed39fa	951da164-cec9-467d-a27d-145dbd1aaffa
2b54a65b-9c1b-42a1-b69c-79aa87ed39fa	581bff55-d3ef-4535-9b75-42000cebdb2b
6d6eaca2-4a38-474a-a931-fd69ea009997	951da164-cec9-467d-a27d-145dbd1aaffa
6d6eaca2-4a38-474a-a931-fd69ea009997	581bff55-d3ef-4535-9b75-42000cebdb2b
1fd139c1-49a0-4be3-9ff7-e89c50c6008c	086ecdf0-d82b-4558-94d6-0a66de3e76d8
1fd139c1-49a0-4be3-9ff7-e89c50c6008c	4e169718-e8d7-4893-b2f9-3e998c39673c
1fd139c1-49a0-4be3-9ff7-e89c50c6008c	68bb7bd4-c863-4d1e-bd35-df1df060be89
94cba543-5918-46b6-87ab-5797bb7db7fa	154c296a-4c6d-49c6-8f9e-10346a4ab52f
94cba543-5918-46b6-87ab-5797bb7db7fa	8d227010-3cb6-4f40-bb8a-c22d20740400
94cba543-5918-46b6-87ab-5797bb7db7fa	7e77b452-e8ad-44cd-94fa-408b3a44d1f8
94cba543-5918-46b6-87ab-5797bb7db7fa	2c6c5724-5095-4489-9ce9-262be1e52b55
94cba543-5918-46b6-87ab-5797bb7db7fa	086ecdf0-d82b-4558-94d6-0a66de3e76d8
94cba543-5918-46b6-87ab-5797bb7db7fa	4e169718-e8d7-4893-b2f9-3e998c39673c
b0effbd7-d23a-4fac-9236-822e557f34b6	16eed6c8-da2d-416c-9a65-519d82dfe128
b0effbd7-d23a-4fac-9236-822e557f34b6	a054e02f-c4b2-4608-9d93-9dcfec7c253f
b0effbd7-d23a-4fac-9236-822e557f34b6	ebbf11e9-99ca-4df2-8203-b62d29843e40
b0effbd7-d23a-4fac-9236-822e557f34b6	0e8fbf02-4355-4ae0-bdca-0952082730a5
b0effbd7-d23a-4fac-9236-822e557f34b6	13e5f126-3293-4b28-a1c7-2e7270c4d6b0
b0effbd7-d23a-4fac-9236-822e557f34b6	81710178-9025-4183-9f8d-298895833b5b
b0effbd7-d23a-4fac-9236-822e557f34b6	99617178-cc40-4c5a-9c20-3543cd543555
832a02a5-aeb4-412a-a530-d9ebb070f99c	21570782-e39f-48d2-b1d4-79efe2d6d07b
9e85068d-17f9-4edd-8d8a-40602925ce2a	b506ab15-a2e8-4f7d-92e3-123762097a97
9e85068d-17f9-4edd-8d8a-40602925ce2a	21570782-e39f-48d2-b1d4-79efe2d6d07b
fc34dad9-2f49-4ef2-8c3a-dbdef12e532e	b506ab15-a2e8-4f7d-92e3-123762097a97
fc34dad9-2f49-4ef2-8c3a-dbdef12e532e	21570782-e39f-48d2-b1d4-79efe2d6d07b
a878cd1e-9b91-48d2-ad85-2120a2313a6f	7e77b452-e8ad-44cd-94fa-408b3a44d1f8
4b9b5308-0c50-4d45-a8a9-94dec25540fb	8dc776b7-929f-4619-b6c7-7a31d7bb1bf8
4b9b5308-0c50-4d45-a8a9-94dec25540fb	085a657a-fe4c-40fb-a1c9-212ab8fe567d
4b9b5308-0c50-4d45-a8a9-94dec25540fb	74aec660-3e88-4fa4-95a5-9b34ece7abcf
4b9b5308-0c50-4d45-a8a9-94dec25540fb	4e169718-e8d7-4893-b2f9-3e998c39673c
4b9b5308-0c50-4d45-a8a9-94dec25540fb	086ecdf0-d82b-4558-94d6-0a66de3e76d8
4b9b5308-0c50-4d45-a8a9-94dec25540fb	ecd19e31-7bb1-4fbe-81b6-7f1ac615d32b
4b9b5308-0c50-4d45-a8a9-94dec25540fb	53fa1a51-fc52-467b-aa57-f2cd30aeb6ed
4b9b5308-0c50-4d45-a8a9-94dec25540fb	8d227010-3cb6-4f40-bb8a-c22d20740400
4b9b5308-0c50-4d45-a8a9-94dec25540fb	006a2014-e18f-46c7-87e3-628059b5a01e
d1c32a98-60c0-4f85-affc-911c4cb730d3	68bb7bd4-c863-4d1e-bd35-df1df060be89
d1c32a98-60c0-4f85-affc-911c4cb730d3	b506ab15-a2e8-4f7d-92e3-123762097a97
d1c32a98-60c0-4f85-affc-911c4cb730d3	086ecdf0-d82b-4558-94d6-0a66de3e76d8
d1c32a98-60c0-4f85-affc-911c4cb730d3	f0b303fe-c26f-4ce2-af47-f5915f1b1ace
d1c32a98-60c0-4f85-affc-911c4cb730d3	4cd232e9-8f83-4a14-b604-3ae7e78f473f
d1c32a98-60c0-4f85-affc-911c4cb730d3	5f892a80-e9d3-4523-bb68-902231bd1cb6
d1c32a98-60c0-4f85-affc-911c4cb730d3	006a2014-e18f-46c7-87e3-628059b5a01e
66b47afb-f464-4f2f-be25-06c1d2f4dec4	68bb7bd4-c863-4d1e-bd35-df1df060be89
66b47afb-f464-4f2f-be25-06c1d2f4dec4	086ecdf0-d82b-4558-94d6-0a66de3e76d8
66b47afb-f464-4f2f-be25-06c1d2f4dec4	f0b303fe-c26f-4ce2-af47-f5915f1b1ace
66b47afb-f464-4f2f-be25-06c1d2f4dec4	4cd232e9-8f83-4a14-b604-3ae7e78f473f
66b47afb-f464-4f2f-be25-06c1d2f4dec4	5f892a80-e9d3-4523-bb68-902231bd1cb6
66b47afb-f464-4f2f-be25-06c1d2f4dec4	006a2014-e18f-46c7-87e3-628059b5a01e
cbc359f1-7c6d-42db-a3d4-047fe0585664	b506ab15-a2e8-4f7d-92e3-123762097a97
cbc359f1-7c6d-42db-a3d4-047fe0585664	21570782-e39f-48d2-b1d4-79efe2d6d07b
8ba398c0-5204-4970-91b0-1c3e816b6aae	8dc776b7-929f-4619-b6c7-7a31d7bb1bf8
8ba398c0-5204-4970-91b0-1c3e816b6aae	085a657a-fe4c-40fb-a1c9-212ab8fe567d
8ba398c0-5204-4970-91b0-1c3e816b6aae	b506ab15-a2e8-4f7d-92e3-123762097a97
8ba398c0-5204-4970-91b0-1c3e816b6aae	25a9fe3f-40da-4166-98c0-93c88cade5ce
8ba398c0-5204-4970-91b0-1c3e816b6aae	53fa1a51-fc52-467b-aa57-f2cd30aeb6ed
8ba398c0-5204-4970-91b0-1c3e816b6aae	21570782-e39f-48d2-b1d4-79efe2d6d07b
8ba398c0-5204-4970-91b0-1c3e816b6aae	2affa866-d9c6-421b-a86a-8911ae99cc09
8ba398c0-5204-4970-91b0-1c3e816b6aae	006a2014-e18f-46c7-87e3-628059b5a01e
ff4cb329-9b0f-4249-baf0-e4f4667f66e5	b506ab15-a2e8-4f7d-92e3-123762097a97
ff4cb329-9b0f-4249-baf0-e4f4667f66e5	21570782-e39f-48d2-b1d4-79efe2d6d07b
46412874-3d09-4255-88bf-8a2283f6c4db	68bb7bd4-c863-4d1e-bd35-df1df060be89
46412874-3d09-4255-88bf-8a2283f6c4db	74aec660-3e88-4fa4-95a5-9b34ece7abcf
46412874-3d09-4255-88bf-8a2283f6c4db	b506ab15-a2e8-4f7d-92e3-123762097a97
46412874-3d09-4255-88bf-8a2283f6c4db	4e169718-e8d7-4893-b2f9-3e998c39673c
46412874-3d09-4255-88bf-8a2283f6c4db	086ecdf0-d82b-4558-94d6-0a66de3e76d8
46412874-3d09-4255-88bf-8a2283f6c4db	ecd19e31-7bb1-4fbe-81b6-7f1ac615d32b
46412874-3d09-4255-88bf-8a2283f6c4db	4cd232e9-8f83-4a14-b604-3ae7e78f473f
46412874-3d09-4255-88bf-8a2283f6c4db	8d227010-3cb6-4f40-bb8a-c22d20740400
46412874-3d09-4255-88bf-8a2283f6c4db	21570782-e39f-48d2-b1d4-79efe2d6d07b
2a07a3eb-b94a-4f0c-9f17-3cd702198c75	68bb7bd4-c863-4d1e-bd35-df1df060be89
2a07a3eb-b94a-4f0c-9f17-3cd702198c75	086ecdf0-d82b-4558-94d6-0a66de3e76d8
2a07a3eb-b94a-4f0c-9f17-3cd702198c75	f0b303fe-c26f-4ce2-af47-f5915f1b1ace
2a07a3eb-b94a-4f0c-9f17-3cd702198c75	4cd232e9-8f83-4a14-b604-3ae7e78f473f
2a07a3eb-b94a-4f0c-9f17-3cd702198c75	5f892a80-e9d3-4523-bb68-902231bd1cb6
2a07a3eb-b94a-4f0c-9f17-3cd702198c75	006a2014-e18f-46c7-87e3-628059b5a01e
35f74968-8508-4681-8594-2b5902183399	68bb7bd4-c863-4d1e-bd35-df1df060be89
35f74968-8508-4681-8594-2b5902183399	4e169718-e8d7-4893-b2f9-3e998c39673c
35f74968-8508-4681-8594-2b5902183399	086ecdf0-d82b-4558-94d6-0a66de3e76d8
35f74968-8508-4681-8594-2b5902183399	722410a0-42af-4a06-b9aa-14d6cabfc275
35f74968-8508-4681-8594-2b5902183399	f0b303fe-c26f-4ce2-af47-f5915f1b1ace
35f74968-8508-4681-8594-2b5902183399	4cd232e9-8f83-4a14-b604-3ae7e78f473f
35f74968-8508-4681-8594-2b5902183399	5f892a80-e9d3-4523-bb68-902231bd1cb6
35f74968-8508-4681-8594-2b5902183399	006a2014-e18f-46c7-87e3-628059b5a01e
17024cc0-0030-4207-a557-cbadd9ffd15a	8dc776b7-929f-4619-b6c7-7a31d7bb1bf8
17024cc0-0030-4207-a557-cbadd9ffd15a	68bb7bd4-c863-4d1e-bd35-df1df060be89
17024cc0-0030-4207-a557-cbadd9ffd15a	085a657a-fe4c-40fb-a1c9-212ab8fe567d
17024cc0-0030-4207-a557-cbadd9ffd15a	74aec660-3e88-4fa4-95a5-9b34ece7abcf
17024cc0-0030-4207-a557-cbadd9ffd15a	4e169718-e8d7-4893-b2f9-3e998c39673c
17024cc0-0030-4207-a557-cbadd9ffd15a	086ecdf0-d82b-4558-94d6-0a66de3e76d8
17024cc0-0030-4207-a557-cbadd9ffd15a	722410a0-42af-4a06-b9aa-14d6cabfc275
17024cc0-0030-4207-a557-cbadd9ffd15a	ecd19e31-7bb1-4fbe-81b6-7f1ac615d32b
17024cc0-0030-4207-a557-cbadd9ffd15a	53fa1a51-fc52-467b-aa57-f2cd30aeb6ed
17024cc0-0030-4207-a557-cbadd9ffd15a	f0b303fe-c26f-4ce2-af47-f5915f1b1ace
17024cc0-0030-4207-a557-cbadd9ffd15a	4cd232e9-8f83-4a14-b604-3ae7e78f473f
17024cc0-0030-4207-a557-cbadd9ffd15a	5f892a80-e9d3-4523-bb68-902231bd1cb6
17024cc0-0030-4207-a557-cbadd9ffd15a	1ab53133-9ef8-4745-9e04-d822e246cda3
17024cc0-0030-4207-a557-cbadd9ffd15a	8d227010-3cb6-4f40-bb8a-c22d20740400
17024cc0-0030-4207-a557-cbadd9ffd15a	21570782-e39f-48d2-b1d4-79efe2d6d07b
17024cc0-0030-4207-a557-cbadd9ffd15a	006a2014-e18f-46c7-87e3-628059b5a01e
d6f8a6d8-94eb-4558-b583-c175e0f832f5	74aec660-3e88-4fa4-95a5-9b34ece7abcf
9c5ca705-e415-4b49-b5a1-6d57f9b19dc3	68bb7bd4-c863-4d1e-bd35-df1df060be89
9c5ca705-e415-4b49-b5a1-6d57f9b19dc3	4e169718-e8d7-4893-b2f9-3e998c39673c
9c5ca705-e415-4b49-b5a1-6d57f9b19dc3	086ecdf0-d82b-4558-94d6-0a66de3e76d8
9c5ca705-e415-4b49-b5a1-6d57f9b19dc3	722410a0-42af-4a06-b9aa-14d6cabfc275
9c5ca705-e415-4b49-b5a1-6d57f9b19dc3	5f892a80-e9d3-4523-bb68-902231bd1cb6
9c5ca705-e415-4b49-b5a1-6d57f9b19dc3	006a2014-e18f-46c7-87e3-628059b5a01e
fd76fe4c-14af-4940-a7c9-8d6baa669c2a	68bb7bd4-c863-4d1e-bd35-df1df060be89
fd76fe4c-14af-4940-a7c9-8d6baa669c2a	b506ab15-a2e8-4f7d-92e3-123762097a97
fd76fe4c-14af-4940-a7c9-8d6baa669c2a	086ecdf0-d82b-4558-94d6-0a66de3e76d8
fd76fe4c-14af-4940-a7c9-8d6baa669c2a	f0b303fe-c26f-4ce2-af47-f5915f1b1ace
fd76fe4c-14af-4940-a7c9-8d6baa669c2a	4cd232e9-8f83-4a14-b604-3ae7e78f473f
fd76fe4c-14af-4940-a7c9-8d6baa669c2a	5f892a80-e9d3-4523-bb68-902231bd1cb6
fd76fe4c-14af-4940-a7c9-8d6baa669c2a	1ab53133-9ef8-4745-9e04-d822e246cda3
fd76fe4c-14af-4940-a7c9-8d6baa669c2a	21570782-e39f-48d2-b1d4-79efe2d6d07b
fd76fe4c-14af-4940-a7c9-8d6baa669c2a	006a2014-e18f-46c7-87e3-628059b5a01e
e98ba69e-7234-4498-b73e-ff679c0d6095	8dc776b7-929f-4619-b6c7-7a31d7bb1bf8
e98ba69e-7234-4498-b73e-ff679c0d6095	68bb7bd4-c863-4d1e-bd35-df1df060be89
e98ba69e-7234-4498-b73e-ff679c0d6095	085a657a-fe4c-40fb-a1c9-212ab8fe567d
e98ba69e-7234-4498-b73e-ff679c0d6095	74aec660-3e88-4fa4-95a5-9b34ece7abcf
e98ba69e-7234-4498-b73e-ff679c0d6095	b506ab15-a2e8-4f7d-92e3-123762097a97
e98ba69e-7234-4498-b73e-ff679c0d6095	4e169718-e8d7-4893-b2f9-3e998c39673c
e98ba69e-7234-4498-b73e-ff679c0d6095	086ecdf0-d82b-4558-94d6-0a66de3e76d8
e98ba69e-7234-4498-b73e-ff679c0d6095	722410a0-42af-4a06-b9aa-14d6cabfc275
e98ba69e-7234-4498-b73e-ff679c0d6095	ecd19e31-7bb1-4fbe-81b6-7f1ac615d32b
e98ba69e-7234-4498-b73e-ff679c0d6095	53fa1a51-fc52-467b-aa57-f2cd30aeb6ed
e98ba69e-7234-4498-b73e-ff679c0d6095	f0b303fe-c26f-4ce2-af47-f5915f1b1ace
e98ba69e-7234-4498-b73e-ff679c0d6095	4cd232e9-8f83-4a14-b604-3ae7e78f473f
e98ba69e-7234-4498-b73e-ff679c0d6095	5f892a80-e9d3-4523-bb68-902231bd1cb6
e98ba69e-7234-4498-b73e-ff679c0d6095	1ab53133-9ef8-4745-9e04-d822e246cda3
e98ba69e-7234-4498-b73e-ff679c0d6095	8d227010-3cb6-4f40-bb8a-c22d20740400
e98ba69e-7234-4498-b73e-ff679c0d6095	21570782-e39f-48d2-b1d4-79efe2d6d07b
e98ba69e-7234-4498-b73e-ff679c0d6095	006a2014-e18f-46c7-87e3-628059b5a01e
ac98fbf5-6f04-42f8-96c9-06cc9475749e	8dc776b7-929f-4619-b6c7-7a31d7bb1bf8
ac98fbf5-6f04-42f8-96c9-06cc9475749e	68bb7bd4-c863-4d1e-bd35-df1df060be89
ac98fbf5-6f04-42f8-96c9-06cc9475749e	085a657a-fe4c-40fb-a1c9-212ab8fe567d
ac98fbf5-6f04-42f8-96c9-06cc9475749e	74aec660-3e88-4fa4-95a5-9b34ece7abcf
ac98fbf5-6f04-42f8-96c9-06cc9475749e	b506ab15-a2e8-4f7d-92e3-123762097a97
ac98fbf5-6f04-42f8-96c9-06cc9475749e	4e169718-e8d7-4893-b2f9-3e998c39673c
ac98fbf5-6f04-42f8-96c9-06cc9475749e	086ecdf0-d82b-4558-94d6-0a66de3e76d8
ac98fbf5-6f04-42f8-96c9-06cc9475749e	722410a0-42af-4a06-b9aa-14d6cabfc275
ac98fbf5-6f04-42f8-96c9-06cc9475749e	ecd19e31-7bb1-4fbe-81b6-7f1ac615d32b
ac98fbf5-6f04-42f8-96c9-06cc9475749e	53fa1a51-fc52-467b-aa57-f2cd30aeb6ed
ac98fbf5-6f04-42f8-96c9-06cc9475749e	f0b303fe-c26f-4ce2-af47-f5915f1b1ace
ac98fbf5-6f04-42f8-96c9-06cc9475749e	4cd232e9-8f83-4a14-b604-3ae7e78f473f
ac98fbf5-6f04-42f8-96c9-06cc9475749e	5f892a80-e9d3-4523-bb68-902231bd1cb6
ac98fbf5-6f04-42f8-96c9-06cc9475749e	1ab53133-9ef8-4745-9e04-d822e246cda3
ac98fbf5-6f04-42f8-96c9-06cc9475749e	8d227010-3cb6-4f40-bb8a-c22d20740400
ac98fbf5-6f04-42f8-96c9-06cc9475749e	21570782-e39f-48d2-b1d4-79efe2d6d07b
ac98fbf5-6f04-42f8-96c9-06cc9475749e	006a2014-e18f-46c7-87e3-628059b5a01e
b4c134b1-b824-48a7-bdcb-1af98c2dbfba	b506ab15-a2e8-4f7d-92e3-123762097a97
b4c134b1-b824-48a7-bdcb-1af98c2dbfba	21570782-e39f-48d2-b1d4-79efe2d6d07b
ff5834de-8544-4d2e-966d-f23231e6742f	68bb7bd4-c863-4d1e-bd35-df1df060be89
ff5834de-8544-4d2e-966d-f23231e6742f	085a657a-fe4c-40fb-a1c9-212ab8fe567d
ff5834de-8544-4d2e-966d-f23231e6742f	4e169718-e8d7-4893-b2f9-3e998c39673c
ff5834de-8544-4d2e-966d-f23231e6742f	086ecdf0-d82b-4558-94d6-0a66de3e76d8
ff5834de-8544-4d2e-966d-f23231e6742f	5f892a80-e9d3-4523-bb68-902231bd1cb6
ff5834de-8544-4d2e-966d-f23231e6742f	006a2014-e18f-46c7-87e3-628059b5a01e
ad030444-2aa0-456f-8ebb-55faf6b28d21	68bb7bd4-c863-4d1e-bd35-df1df060be89
ad030444-2aa0-456f-8ebb-55faf6b28d21	4e169718-e8d7-4893-b2f9-3e998c39673c
ad030444-2aa0-456f-8ebb-55faf6b28d21	086ecdf0-d82b-4558-94d6-0a66de3e76d8
ad030444-2aa0-456f-8ebb-55faf6b28d21	722410a0-42af-4a06-b9aa-14d6cabfc275
ad030444-2aa0-456f-8ebb-55faf6b28d21	5f892a80-e9d3-4523-bb68-902231bd1cb6
ad030444-2aa0-456f-8ebb-55faf6b28d21	006a2014-e18f-46c7-87e3-628059b5a01e
64fd16fd-3914-4559-99fd-98ec62cf117a	8dc776b7-929f-4619-b6c7-7a31d7bb1bf8
64fd16fd-3914-4559-99fd-98ec62cf117a	68bb7bd4-c863-4d1e-bd35-df1df060be89
64fd16fd-3914-4559-99fd-98ec62cf117a	085a657a-fe4c-40fb-a1c9-212ab8fe567d
64fd16fd-3914-4559-99fd-98ec62cf117a	74aec660-3e88-4fa4-95a5-9b34ece7abcf
64fd16fd-3914-4559-99fd-98ec62cf117a	b506ab15-a2e8-4f7d-92e3-123762097a97
64fd16fd-3914-4559-99fd-98ec62cf117a	086ecdf0-d82b-4558-94d6-0a66de3e76d8
64fd16fd-3914-4559-99fd-98ec62cf117a	ecd19e31-7bb1-4fbe-81b6-7f1ac615d32b
64fd16fd-3914-4559-99fd-98ec62cf117a	53fa1a51-fc52-467b-aa57-f2cd30aeb6ed
64fd16fd-3914-4559-99fd-98ec62cf117a	f0b303fe-c26f-4ce2-af47-f5915f1b1ace
64fd16fd-3914-4559-99fd-98ec62cf117a	4cd232e9-8f83-4a14-b604-3ae7e78f473f
64fd16fd-3914-4559-99fd-98ec62cf117a	5f892a80-e9d3-4523-bb68-902231bd1cb6
64fd16fd-3914-4559-99fd-98ec62cf117a	8d227010-3cb6-4f40-bb8a-c22d20740400
64fd16fd-3914-4559-99fd-98ec62cf117a	21570782-e39f-48d2-b1d4-79efe2d6d07b
64fd16fd-3914-4559-99fd-98ec62cf117a	006a2014-e18f-46c7-87e3-628059b5a01e
985fc7ab-9491-4db2-b8a3-8f49f3f95b27	8dc776b7-929f-4619-b6c7-7a31d7bb1bf8
985fc7ab-9491-4db2-b8a3-8f49f3f95b27	68bb7bd4-c863-4d1e-bd35-df1df060be89
985fc7ab-9491-4db2-b8a3-8f49f3f95b27	085a657a-fe4c-40fb-a1c9-212ab8fe567d
985fc7ab-9491-4db2-b8a3-8f49f3f95b27	74aec660-3e88-4fa4-95a5-9b34ece7abcf
985fc7ab-9491-4db2-b8a3-8f49f3f95b27	b506ab15-a2e8-4f7d-92e3-123762097a97
985fc7ab-9491-4db2-b8a3-8f49f3f95b27	086ecdf0-d82b-4558-94d6-0a66de3e76d8
985fc7ab-9491-4db2-b8a3-8f49f3f95b27	ecd19e31-7bb1-4fbe-81b6-7f1ac615d32b
985fc7ab-9491-4db2-b8a3-8f49f3f95b27	53fa1a51-fc52-467b-aa57-f2cd30aeb6ed
985fc7ab-9491-4db2-b8a3-8f49f3f95b27	f0b303fe-c26f-4ce2-af47-f5915f1b1ace
985fc7ab-9491-4db2-b8a3-8f49f3f95b27	4cd232e9-8f83-4a14-b604-3ae7e78f473f
985fc7ab-9491-4db2-b8a3-8f49f3f95b27	5f892a80-e9d3-4523-bb68-902231bd1cb6
985fc7ab-9491-4db2-b8a3-8f49f3f95b27	1ab53133-9ef8-4745-9e04-d822e246cda3
985fc7ab-9491-4db2-b8a3-8f49f3f95b27	8d227010-3cb6-4f40-bb8a-c22d20740400
985fc7ab-9491-4db2-b8a3-8f49f3f95b27	21570782-e39f-48d2-b1d4-79efe2d6d07b
985fc7ab-9491-4db2-b8a3-8f49f3f95b27	006a2014-e18f-46c7-87e3-628059b5a01e
deed629c-d128-4331-a8aa-ad423deb6281	b506ab15-a2e8-4f7d-92e3-123762097a97
deed629c-d128-4331-a8aa-ad423deb6281	21570782-e39f-48d2-b1d4-79efe2d6d07b
226427f5-e0b7-4a68-b698-b560b83366d5	8dc776b7-929f-4619-b6c7-7a31d7bb1bf8
226427f5-e0b7-4a68-b698-b560b83366d5	68bb7bd4-c863-4d1e-bd35-df1df060be89
226427f5-e0b7-4a68-b698-b560b83366d5	085a657a-fe4c-40fb-a1c9-212ab8fe567d
226427f5-e0b7-4a68-b698-b560b83366d5	74aec660-3e88-4fa4-95a5-9b34ece7abcf
226427f5-e0b7-4a68-b698-b560b83366d5	b506ab15-a2e8-4f7d-92e3-123762097a97
226427f5-e0b7-4a68-b698-b560b83366d5	4e169718-e8d7-4893-b2f9-3e998c39673c
226427f5-e0b7-4a68-b698-b560b83366d5	086ecdf0-d82b-4558-94d6-0a66de3e76d8
226427f5-e0b7-4a68-b698-b560b83366d5	722410a0-42af-4a06-b9aa-14d6cabfc275
226427f5-e0b7-4a68-b698-b560b83366d5	ecd19e31-7bb1-4fbe-81b6-7f1ac615d32b
226427f5-e0b7-4a68-b698-b560b83366d5	53fa1a51-fc52-467b-aa57-f2cd30aeb6ed
226427f5-e0b7-4a68-b698-b560b83366d5	f0b303fe-c26f-4ce2-af47-f5915f1b1ace
226427f5-e0b7-4a68-b698-b560b83366d5	4cd232e9-8f83-4a14-b604-3ae7e78f473f
226427f5-e0b7-4a68-b698-b560b83366d5	5f892a80-e9d3-4523-bb68-902231bd1cb6
226427f5-e0b7-4a68-b698-b560b83366d5	8d227010-3cb6-4f40-bb8a-c22d20740400
226427f5-e0b7-4a68-b698-b560b83366d5	21570782-e39f-48d2-b1d4-79efe2d6d07b
226427f5-e0b7-4a68-b698-b560b83366d5	006a2014-e18f-46c7-87e3-628059b5a01e
91321524-04f7-4b3f-ad15-82ada2545750	8dc776b7-929f-4619-b6c7-7a31d7bb1bf8
91321524-04f7-4b3f-ad15-82ada2545750	68bb7bd4-c863-4d1e-bd35-df1df060be89
91321524-04f7-4b3f-ad15-82ada2545750	74aec660-3e88-4fa4-95a5-9b34ece7abcf
91321524-04f7-4b3f-ad15-82ada2545750	4e169718-e8d7-4893-b2f9-3e998c39673c
91321524-04f7-4b3f-ad15-82ada2545750	086ecdf0-d82b-4558-94d6-0a66de3e76d8
91321524-04f7-4b3f-ad15-82ada2545750	722410a0-42af-4a06-b9aa-14d6cabfc275
91321524-04f7-4b3f-ad15-82ada2545750	53fa1a51-fc52-467b-aa57-f2cd30aeb6ed
91321524-04f7-4b3f-ad15-82ada2545750	f0b303fe-c26f-4ce2-af47-f5915f1b1ace
91321524-04f7-4b3f-ad15-82ada2545750	4cd232e9-8f83-4a14-b604-3ae7e78f473f
91321524-04f7-4b3f-ad15-82ada2545750	5f892a80-e9d3-4523-bb68-902231bd1cb6
91321524-04f7-4b3f-ad15-82ada2545750	8d227010-3cb6-4f40-bb8a-c22d20740400
91321524-04f7-4b3f-ad15-82ada2545750	006a2014-e18f-46c7-87e3-628059b5a01e
112f02a3-5870-4f56-bb89-8a260f2bc098	8dc776b7-929f-4619-b6c7-7a31d7bb1bf8
112f02a3-5870-4f56-bb89-8a260f2bc098	68bb7bd4-c863-4d1e-bd35-df1df060be89
112f02a3-5870-4f56-bb89-8a260f2bc098	085a657a-fe4c-40fb-a1c9-212ab8fe567d
112f02a3-5870-4f56-bb89-8a260f2bc098	74aec660-3e88-4fa4-95a5-9b34ece7abcf
112f02a3-5870-4f56-bb89-8a260f2bc098	4e169718-e8d7-4893-b2f9-3e998c39673c
112f02a3-5870-4f56-bb89-8a260f2bc098	086ecdf0-d82b-4558-94d6-0a66de3e76d8
112f02a3-5870-4f56-bb89-8a260f2bc098	722410a0-42af-4a06-b9aa-14d6cabfc275
112f02a3-5870-4f56-bb89-8a260f2bc098	ecd19e31-7bb1-4fbe-81b6-7f1ac615d32b
112f02a3-5870-4f56-bb89-8a260f2bc098	53fa1a51-fc52-467b-aa57-f2cd30aeb6ed
112f02a3-5870-4f56-bb89-8a260f2bc098	f0b303fe-c26f-4ce2-af47-f5915f1b1ace
112f02a3-5870-4f56-bb89-8a260f2bc098	4cd232e9-8f83-4a14-b604-3ae7e78f473f
112f02a3-5870-4f56-bb89-8a260f2bc098	5f892a80-e9d3-4523-bb68-902231bd1cb6
112f02a3-5870-4f56-bb89-8a260f2bc098	8d227010-3cb6-4f40-bb8a-c22d20740400
112f02a3-5870-4f56-bb89-8a260f2bc098	7e77b452-e8ad-44cd-94fa-408b3a44d1f8
112f02a3-5870-4f56-bb89-8a260f2bc098	154c296a-4c6d-49c6-8f9e-10346a4ab52f
112f02a3-5870-4f56-bb89-8a260f2bc098	006a2014-e18f-46c7-87e3-628059b5a01e
b7247b74-bb20-49da-9818-f8c11f43b62c	68bb7bd4-c863-4d1e-bd35-df1df060be89
b7247b74-bb20-49da-9818-f8c11f43b62c	b506ab15-a2e8-4f7d-92e3-123762097a97
b7247b74-bb20-49da-9818-f8c11f43b62c	086ecdf0-d82b-4558-94d6-0a66de3e76d8
b7247b74-bb20-49da-9818-f8c11f43b62c	ecd19e31-7bb1-4fbe-81b6-7f1ac615d32b
b7247b74-bb20-49da-9818-f8c11f43b62c	4cd232e9-8f83-4a14-b604-3ae7e78f473f
b7247b74-bb20-49da-9818-f8c11f43b62c	8d227010-3cb6-4f40-bb8a-c22d20740400
b7247b74-bb20-49da-9818-f8c11f43b62c	21570782-e39f-48d2-b1d4-79efe2d6d07b
f2de0a50-2f7e-4c9d-81e4-2e39579fe209	68bb7bd4-c863-4d1e-bd35-df1df060be89
f2de0a50-2f7e-4c9d-81e4-2e39579fe209	74aec660-3e88-4fa4-95a5-9b34ece7abcf
f2de0a50-2f7e-4c9d-81e4-2e39579fe209	b506ab15-a2e8-4f7d-92e3-123762097a97
f2de0a50-2f7e-4c9d-81e4-2e39579fe209	4e169718-e8d7-4893-b2f9-3e998c39673c
f2de0a50-2f7e-4c9d-81e4-2e39579fe209	086ecdf0-d82b-4558-94d6-0a66de3e76d8
f2de0a50-2f7e-4c9d-81e4-2e39579fe209	722410a0-42af-4a06-b9aa-14d6cabfc275
f2de0a50-2f7e-4c9d-81e4-2e39579fe209	ecd19e31-7bb1-4fbe-81b6-7f1ac615d32b
f2de0a50-2f7e-4c9d-81e4-2e39579fe209	f0b303fe-c26f-4ce2-af47-f5915f1b1ace
f2de0a50-2f7e-4c9d-81e4-2e39579fe209	4cd232e9-8f83-4a14-b604-3ae7e78f473f
f2de0a50-2f7e-4c9d-81e4-2e39579fe209	5f892a80-e9d3-4523-bb68-902231bd1cb6
f2de0a50-2f7e-4c9d-81e4-2e39579fe209	1ab53133-9ef8-4745-9e04-d822e246cda3
f2de0a50-2f7e-4c9d-81e4-2e39579fe209	8d227010-3cb6-4f40-bb8a-c22d20740400
f2de0a50-2f7e-4c9d-81e4-2e39579fe209	21570782-e39f-48d2-b1d4-79efe2d6d07b
f2de0a50-2f7e-4c9d-81e4-2e39579fe209	006a2014-e18f-46c7-87e3-628059b5a01e
0e5b5eea-1a97-4158-a23d-55277e722295	8dc776b7-929f-4619-b6c7-7a31d7bb1bf8
0e5b5eea-1a97-4158-a23d-55277e722295	68bb7bd4-c863-4d1e-bd35-df1df060be89
0e5b5eea-1a97-4158-a23d-55277e722295	085a657a-fe4c-40fb-a1c9-212ab8fe567d
0e5b5eea-1a97-4158-a23d-55277e722295	74aec660-3e88-4fa4-95a5-9b34ece7abcf
0e5b5eea-1a97-4158-a23d-55277e722295	4e169718-e8d7-4893-b2f9-3e998c39673c
0e5b5eea-1a97-4158-a23d-55277e722295	086ecdf0-d82b-4558-94d6-0a66de3e76d8
0e5b5eea-1a97-4158-a23d-55277e722295	722410a0-42af-4a06-b9aa-14d6cabfc275
0e5b5eea-1a97-4158-a23d-55277e722295	ecd19e31-7bb1-4fbe-81b6-7f1ac615d32b
0e5b5eea-1a97-4158-a23d-55277e722295	53fa1a51-fc52-467b-aa57-f2cd30aeb6ed
0e5b5eea-1a97-4158-a23d-55277e722295	f0b303fe-c26f-4ce2-af47-f5915f1b1ace
0e5b5eea-1a97-4158-a23d-55277e722295	5f892a80-e9d3-4523-bb68-902231bd1cb6
0e5b5eea-1a97-4158-a23d-55277e722295	1ab53133-9ef8-4745-9e04-d822e246cda3
0e5b5eea-1a97-4158-a23d-55277e722295	8d227010-3cb6-4f40-bb8a-c22d20740400
0e5b5eea-1a97-4158-a23d-55277e722295	21570782-e39f-48d2-b1d4-79efe2d6d07b
0e5b5eea-1a97-4158-a23d-55277e722295	006a2014-e18f-46c7-87e3-628059b5a01e
0790ee35-86cc-4040-ba22-b9d2303d079f	b506ab15-a2e8-4f7d-92e3-123762097a97
0790ee35-86cc-4040-ba22-b9d2303d079f	21570782-e39f-48d2-b1d4-79efe2d6d07b
b27421b7-562a-47a2-824c-38e5f81d4112	b506ab15-a2e8-4f7d-92e3-123762097a97
b27421b7-562a-47a2-824c-38e5f81d4112	21570782-e39f-48d2-b1d4-79efe2d6d07b
e489468d-c523-46d0-a40e-292ab72290f4	b506ab15-a2e8-4f7d-92e3-123762097a97
e489468d-c523-46d0-a40e-292ab72290f4	21570782-e39f-48d2-b1d4-79efe2d6d07b
031fb6fc-ad39-48a7-813e-116500c42913	8dc776b7-929f-4619-b6c7-7a31d7bb1bf8
031fb6fc-ad39-48a7-813e-116500c42913	68bb7bd4-c863-4d1e-bd35-df1df060be89
031fb6fc-ad39-48a7-813e-116500c42913	085a657a-fe4c-40fb-a1c9-212ab8fe567d
031fb6fc-ad39-48a7-813e-116500c42913	74aec660-3e88-4fa4-95a5-9b34ece7abcf
031fb6fc-ad39-48a7-813e-116500c42913	4e169718-e8d7-4893-b2f9-3e998c39673c
031fb6fc-ad39-48a7-813e-116500c42913	086ecdf0-d82b-4558-94d6-0a66de3e76d8
031fb6fc-ad39-48a7-813e-116500c42913	722410a0-42af-4a06-b9aa-14d6cabfc275
031fb6fc-ad39-48a7-813e-116500c42913	ecd19e31-7bb1-4fbe-81b6-7f1ac615d32b
031fb6fc-ad39-48a7-813e-116500c42913	53fa1a51-fc52-467b-aa57-f2cd30aeb6ed
031fb6fc-ad39-48a7-813e-116500c42913	f0b303fe-c26f-4ce2-af47-f5915f1b1ace
031fb6fc-ad39-48a7-813e-116500c42913	4cd232e9-8f83-4a14-b604-3ae7e78f473f
031fb6fc-ad39-48a7-813e-116500c42913	5f892a80-e9d3-4523-bb68-902231bd1cb6
031fb6fc-ad39-48a7-813e-116500c42913	1ab53133-9ef8-4745-9e04-d822e246cda3
031fb6fc-ad39-48a7-813e-116500c42913	8d227010-3cb6-4f40-bb8a-c22d20740400
031fb6fc-ad39-48a7-813e-116500c42913	21570782-e39f-48d2-b1d4-79efe2d6d07b
031fb6fc-ad39-48a7-813e-116500c42913	006a2014-e18f-46c7-87e3-628059b5a01e
db173bff-21d5-488c-add2-29dd5b8724b6	68bb7bd4-c863-4d1e-bd35-df1df060be89
db173bff-21d5-488c-add2-29dd5b8724b6	74aec660-3e88-4fa4-95a5-9b34ece7abcf
db173bff-21d5-488c-add2-29dd5b8724b6	b506ab15-a2e8-4f7d-92e3-123762097a97
db173bff-21d5-488c-add2-29dd5b8724b6	4e169718-e8d7-4893-b2f9-3e998c39673c
db173bff-21d5-488c-add2-29dd5b8724b6	086ecdf0-d82b-4558-94d6-0a66de3e76d8
db173bff-21d5-488c-add2-29dd5b8724b6	ecd19e31-7bb1-4fbe-81b6-7f1ac615d32b
db173bff-21d5-488c-add2-29dd5b8724b6	53fa1a51-fc52-467b-aa57-f2cd30aeb6ed
db173bff-21d5-488c-add2-29dd5b8724b6	f0b303fe-c26f-4ce2-af47-f5915f1b1ace
db173bff-21d5-488c-add2-29dd5b8724b6	4cd232e9-8f83-4a14-b604-3ae7e78f473f
db173bff-21d5-488c-add2-29dd5b8724b6	5f892a80-e9d3-4523-bb68-902231bd1cb6
db173bff-21d5-488c-add2-29dd5b8724b6	1ab53133-9ef8-4745-9e04-d822e246cda3
db173bff-21d5-488c-add2-29dd5b8724b6	21570782-e39f-48d2-b1d4-79efe2d6d07b
db173bff-21d5-488c-add2-29dd5b8724b6	006a2014-e18f-46c7-87e3-628059b5a01e
eefd3c5e-f3fe-43e4-a8fd-2a2ece6376d2	68bb7bd4-c863-4d1e-bd35-df1df060be89
eefd3c5e-f3fe-43e4-a8fd-2a2ece6376d2	085a657a-fe4c-40fb-a1c9-212ab8fe567d
eefd3c5e-f3fe-43e4-a8fd-2a2ece6376d2	74aec660-3e88-4fa4-95a5-9b34ece7abcf
eefd3c5e-f3fe-43e4-a8fd-2a2ece6376d2	b506ab15-a2e8-4f7d-92e3-123762097a97
eefd3c5e-f3fe-43e4-a8fd-2a2ece6376d2	086ecdf0-d82b-4558-94d6-0a66de3e76d8
eefd3c5e-f3fe-43e4-a8fd-2a2ece6376d2	ecd19e31-7bb1-4fbe-81b6-7f1ac615d32b
eefd3c5e-f3fe-43e4-a8fd-2a2ece6376d2	53fa1a51-fc52-467b-aa57-f2cd30aeb6ed
eefd3c5e-f3fe-43e4-a8fd-2a2ece6376d2	f0b303fe-c26f-4ce2-af47-f5915f1b1ace
eefd3c5e-f3fe-43e4-a8fd-2a2ece6376d2	4cd232e9-8f83-4a14-b604-3ae7e78f473f
eefd3c5e-f3fe-43e4-a8fd-2a2ece6376d2	5f892a80-e9d3-4523-bb68-902231bd1cb6
eefd3c5e-f3fe-43e4-a8fd-2a2ece6376d2	21570782-e39f-48d2-b1d4-79efe2d6d07b
eefd3c5e-f3fe-43e4-a8fd-2a2ece6376d2	006a2014-e18f-46c7-87e3-628059b5a01e
aa14d9f6-d226-41f1-b3f8-ac4785d19bf0	b506ab15-a2e8-4f7d-92e3-123762097a97
aa14d9f6-d226-41f1-b3f8-ac4785d19bf0	21570782-e39f-48d2-b1d4-79efe2d6d07b
9dc7c3e5-4070-4513-b2c0-9180fc533f10	68bb7bd4-c863-4d1e-bd35-df1df060be89
9dc7c3e5-4070-4513-b2c0-9180fc533f10	74aec660-3e88-4fa4-95a5-9b34ece7abcf
9dc7c3e5-4070-4513-b2c0-9180fc533f10	4e169718-e8d7-4893-b2f9-3e998c39673c
9dc7c3e5-4070-4513-b2c0-9180fc533f10	086ecdf0-d82b-4558-94d6-0a66de3e76d8
9dc7c3e5-4070-4513-b2c0-9180fc533f10	ecd19e31-7bb1-4fbe-81b6-7f1ac615d32b
9dc7c3e5-4070-4513-b2c0-9180fc533f10	4cd232e9-8f83-4a14-b604-3ae7e78f473f
9dc7c3e5-4070-4513-b2c0-9180fc533f10	8d227010-3cb6-4f40-bb8a-c22d20740400
9dc7c3e5-4070-4513-b2c0-9180fc533f10	21570782-e39f-48d2-b1d4-79efe2d6d07b
73378f66-789b-428b-ace9-cb2994574e05	b506ab15-a2e8-4f7d-92e3-123762097a97
73378f66-789b-428b-ace9-cb2994574e05	21570782-e39f-48d2-b1d4-79efe2d6d07b
5dc2bfaa-8a8b-43a2-9ef7-61d3cdfcdf62	21570782-e39f-48d2-b1d4-79efe2d6d07b
43ca29ce-37a8-4bf3-8356-5a0397d218ea	68bb7bd4-c863-4d1e-bd35-df1df060be89
43ca29ce-37a8-4bf3-8356-5a0397d218ea	4e169718-e8d7-4893-b2f9-3e998c39673c
43ca29ce-37a8-4bf3-8356-5a0397d218ea	086ecdf0-d82b-4558-94d6-0a66de3e76d8
43ca29ce-37a8-4bf3-8356-5a0397d218ea	722410a0-42af-4a06-b9aa-14d6cabfc275
43ca29ce-37a8-4bf3-8356-5a0397d218ea	f0b303fe-c26f-4ce2-af47-f5915f1b1ace
43ca29ce-37a8-4bf3-8356-5a0397d218ea	4cd232e9-8f83-4a14-b604-3ae7e78f473f
43ca29ce-37a8-4bf3-8356-5a0397d218ea	5f892a80-e9d3-4523-bb68-902231bd1cb6
43ca29ce-37a8-4bf3-8356-5a0397d218ea	006a2014-e18f-46c7-87e3-628059b5a01e
2d449493-6606-4004-b3f9-193f56176629	b506ab15-a2e8-4f7d-92e3-123762097a97
2d449493-6606-4004-b3f9-193f56176629	21570782-e39f-48d2-b1d4-79efe2d6d07b
12de518d-f85f-4bba-82e6-3e8e7f003d99	b506ab15-a2e8-4f7d-92e3-123762097a97
12de518d-f85f-4bba-82e6-3e8e7f003d99	21570782-e39f-48d2-b1d4-79efe2d6d07b
3d550c84-05ea-45de-bc99-acf0f0becd76	68bb7bd4-c863-4d1e-bd35-df1df060be89
3d550c84-05ea-45de-bc99-acf0f0becd76	4e169718-e8d7-4893-b2f9-3e998c39673c
3d550c84-05ea-45de-bc99-acf0f0becd76	086ecdf0-d82b-4558-94d6-0a66de3e76d8
3d550c84-05ea-45de-bc99-acf0f0becd76	722410a0-42af-4a06-b9aa-14d6cabfc275
3d550c84-05ea-45de-bc99-acf0f0becd76	f0b303fe-c26f-4ce2-af47-f5915f1b1ace
3d550c84-05ea-45de-bc99-acf0f0becd76	4cd232e9-8f83-4a14-b604-3ae7e78f473f
3d550c84-05ea-45de-bc99-acf0f0becd76	5f892a80-e9d3-4523-bb68-902231bd1cb6
3d550c84-05ea-45de-bc99-acf0f0becd76	006a2014-e18f-46c7-87e3-628059b5a01e
c0be6f6b-0449-4cfd-acb2-a47568870d47	68bb7bd4-c863-4d1e-bd35-df1df060be89
c0be6f6b-0449-4cfd-acb2-a47568870d47	4e169718-e8d7-4893-b2f9-3e998c39673c
c0be6f6b-0449-4cfd-acb2-a47568870d47	086ecdf0-d82b-4558-94d6-0a66de3e76d8
c0be6f6b-0449-4cfd-acb2-a47568870d47	722410a0-42af-4a06-b9aa-14d6cabfc275
c0be6f6b-0449-4cfd-acb2-a47568870d47	f0b303fe-c26f-4ce2-af47-f5915f1b1ace
c0be6f6b-0449-4cfd-acb2-a47568870d47	4cd232e9-8f83-4a14-b604-3ae7e78f473f
c0be6f6b-0449-4cfd-acb2-a47568870d47	5f892a80-e9d3-4523-bb68-902231bd1cb6
c0be6f6b-0449-4cfd-acb2-a47568870d47	006a2014-e18f-46c7-87e3-628059b5a01e
6bf63c26-5666-4641-b3f1-ae584b1541e3	68bb7bd4-c863-4d1e-bd35-df1df060be89
6bf63c26-5666-4641-b3f1-ae584b1541e3	4e169718-e8d7-4893-b2f9-3e998c39673c
6bf63c26-5666-4641-b3f1-ae584b1541e3	086ecdf0-d82b-4558-94d6-0a66de3e76d8
6bf63c26-5666-4641-b3f1-ae584b1541e3	722410a0-42af-4a06-b9aa-14d6cabfc275
6bf63c26-5666-4641-b3f1-ae584b1541e3	f0b303fe-c26f-4ce2-af47-f5915f1b1ace
6bf63c26-5666-4641-b3f1-ae584b1541e3	4cd232e9-8f83-4a14-b604-3ae7e78f473f
6bf63c26-5666-4641-b3f1-ae584b1541e3	5f892a80-e9d3-4523-bb68-902231bd1cb6
6bf63c26-5666-4641-b3f1-ae584b1541e3	006a2014-e18f-46c7-87e3-628059b5a01e
2e4ee3e3-eda3-4533-aaff-93a92220ed36	b506ab15-a2e8-4f7d-92e3-123762097a97
2e4ee3e3-eda3-4533-aaff-93a92220ed36	21570782-e39f-48d2-b1d4-79efe2d6d07b
fe053f68-d888-4c16-973b-e07add186bf9	b506ab15-a2e8-4f7d-92e3-123762097a97
fe053f68-d888-4c16-973b-e07add186bf9	21570782-e39f-48d2-b1d4-79efe2d6d07b
87304ef4-d358-4116-b05e-07193f69574f	b506ab15-a2e8-4f7d-92e3-123762097a97
87304ef4-d358-4116-b05e-07193f69574f	21570782-e39f-48d2-b1d4-79efe2d6d07b
5de8e787-8ead-4831-91a9-acc340419f88	8dc776b7-929f-4619-b6c7-7a31d7bb1bf8
5de8e787-8ead-4831-91a9-acc340419f88	68bb7bd4-c863-4d1e-bd35-df1df060be89
5de8e787-8ead-4831-91a9-acc340419f88	085a657a-fe4c-40fb-a1c9-212ab8fe567d
5de8e787-8ead-4831-91a9-acc340419f88	74aec660-3e88-4fa4-95a5-9b34ece7abcf
5de8e787-8ead-4831-91a9-acc340419f88	4e169718-e8d7-4893-b2f9-3e998c39673c
5de8e787-8ead-4831-91a9-acc340419f88	086ecdf0-d82b-4558-94d6-0a66de3e76d8
5de8e787-8ead-4831-91a9-acc340419f88	722410a0-42af-4a06-b9aa-14d6cabfc275
5de8e787-8ead-4831-91a9-acc340419f88	ecd19e31-7bb1-4fbe-81b6-7f1ac615d32b
5de8e787-8ead-4831-91a9-acc340419f88	53fa1a51-fc52-467b-aa57-f2cd30aeb6ed
5de8e787-8ead-4831-91a9-acc340419f88	f0b303fe-c26f-4ce2-af47-f5915f1b1ace
5de8e787-8ead-4831-91a9-acc340419f88	4cd232e9-8f83-4a14-b604-3ae7e78f473f
5de8e787-8ead-4831-91a9-acc340419f88	5f892a80-e9d3-4523-bb68-902231bd1cb6
5de8e787-8ead-4831-91a9-acc340419f88	1ab53133-9ef8-4745-9e04-d822e246cda3
5de8e787-8ead-4831-91a9-acc340419f88	8d227010-3cb6-4f40-bb8a-c22d20740400
5de8e787-8ead-4831-91a9-acc340419f88	21570782-e39f-48d2-b1d4-79efe2d6d07b
5de8e787-8ead-4831-91a9-acc340419f88	006a2014-e18f-46c7-87e3-628059b5a01e
3ca879e1-e517-4367-bfac-c2eccf21ebfd	68bb7bd4-c863-4d1e-bd35-df1df060be89
3ca879e1-e517-4367-bfac-c2eccf21ebfd	4e169718-e8d7-4893-b2f9-3e998c39673c
3ca879e1-e517-4367-bfac-c2eccf21ebfd	086ecdf0-d82b-4558-94d6-0a66de3e76d8
3ca879e1-e517-4367-bfac-c2eccf21ebfd	722410a0-42af-4a06-b9aa-14d6cabfc275
3ca879e1-e517-4367-bfac-c2eccf21ebfd	f0b303fe-c26f-4ce2-af47-f5915f1b1ace
3ca879e1-e517-4367-bfac-c2eccf21ebfd	4cd232e9-8f83-4a14-b604-3ae7e78f473f
3ca879e1-e517-4367-bfac-c2eccf21ebfd	5f892a80-e9d3-4523-bb68-902231bd1cb6
3ca879e1-e517-4367-bfac-c2eccf21ebfd	006a2014-e18f-46c7-87e3-628059b5a01e
4d9dd6b4-8ea6-4d0c-9b63-7fa6c215fa23	085a657a-fe4c-40fb-a1c9-212ab8fe567d
4d9dd6b4-8ea6-4d0c-9b63-7fa6c215fa23	722410a0-42af-4a06-b9aa-14d6cabfc275
4d9dd6b4-8ea6-4d0c-9b63-7fa6c215fa23	f0b303fe-c26f-4ce2-af47-f5915f1b1ace
4d9dd6b4-8ea6-4d0c-9b63-7fa6c215fa23	5f892a80-e9d3-4523-bb68-902231bd1cb6
4d9dd6b4-8ea6-4d0c-9b63-7fa6c215fa23	21570782-e39f-48d2-b1d4-79efe2d6d07b
4d9dd6b4-8ea6-4d0c-9b63-7fa6c215fa23	006a2014-e18f-46c7-87e3-628059b5a01e
07630ce2-2655-4e3b-9824-a200b2c37b07	b506ab15-a2e8-4f7d-92e3-123762097a97
07630ce2-2655-4e3b-9824-a200b2c37b07	21570782-e39f-48d2-b1d4-79efe2d6d07b
a51a5897-d6cd-4710-88b3-4bb030094d4e	4e169718-e8d7-4893-b2f9-3e998c39673c
a51a5897-d6cd-4710-88b3-4bb030094d4e	086ecdf0-d82b-4558-94d6-0a66de3e76d8
164199dd-3d9a-4107-b332-0bdbbafc92ce	722410a0-42af-4a06-b9aa-14d6cabfc275
164199dd-3d9a-4107-b332-0bdbbafc92ce	006a2014-e18f-46c7-87e3-628059b5a01e
43f25009-4a98-48c6-8c8b-230dcaf90a74	722410a0-42af-4a06-b9aa-14d6cabfc275
43f25009-4a98-48c6-8c8b-230dcaf90a74	006a2014-e18f-46c7-87e3-628059b5a01e
2aa7ffc7-49bd-4491-a5b1-9588a54b439b	722410a0-42af-4a06-b9aa-14d6cabfc275
2aa7ffc7-49bd-4491-a5b1-9588a54b439b	006a2014-e18f-46c7-87e3-628059b5a01e
d12c8506-27e4-4879-bcb9-e3e968835c0d	722410a0-42af-4a06-b9aa-14d6cabfc275
d12c8506-27e4-4879-bcb9-e3e968835c0d	006a2014-e18f-46c7-87e3-628059b5a01e
9b83f65e-7a8c-429d-8173-0858f28e0e72	b506ab15-a2e8-4f7d-92e3-123762097a97
9b83f65e-7a8c-429d-8173-0858f28e0e72	21570782-e39f-48d2-b1d4-79efe2d6d07b
02c76f1b-d84f-43e5-8467-0d5571be4c00	b506ab15-a2e8-4f7d-92e3-123762097a97
02c76f1b-d84f-43e5-8467-0d5571be4c00	21570782-e39f-48d2-b1d4-79efe2d6d07b
56209023-4ba7-46da-9d73-58c6e250273d	b506ab15-a2e8-4f7d-92e3-123762097a97
56209023-4ba7-46da-9d73-58c6e250273d	21570782-e39f-48d2-b1d4-79efe2d6d07b
05c15eb6-2c83-46dc-b6c8-abfdc62aa0aa	8dc776b7-929f-4619-b6c7-7a31d7bb1bf8
05c15eb6-2c83-46dc-b6c8-abfdc62aa0aa	68bb7bd4-c863-4d1e-bd35-df1df060be89
05c15eb6-2c83-46dc-b6c8-abfdc62aa0aa	085a657a-fe4c-40fb-a1c9-212ab8fe567d
05c15eb6-2c83-46dc-b6c8-abfdc62aa0aa	74aec660-3e88-4fa4-95a5-9b34ece7abcf
05c15eb6-2c83-46dc-b6c8-abfdc62aa0aa	4e169718-e8d7-4893-b2f9-3e998c39673c
05c15eb6-2c83-46dc-b6c8-abfdc62aa0aa	086ecdf0-d82b-4558-94d6-0a66de3e76d8
05c15eb6-2c83-46dc-b6c8-abfdc62aa0aa	722410a0-42af-4a06-b9aa-14d6cabfc275
05c15eb6-2c83-46dc-b6c8-abfdc62aa0aa	ecd19e31-7bb1-4fbe-81b6-7f1ac615d32b
05c15eb6-2c83-46dc-b6c8-abfdc62aa0aa	53fa1a51-fc52-467b-aa57-f2cd30aeb6ed
05c15eb6-2c83-46dc-b6c8-abfdc62aa0aa	f0b303fe-c26f-4ce2-af47-f5915f1b1ace
05c15eb6-2c83-46dc-b6c8-abfdc62aa0aa	4cd232e9-8f83-4a14-b604-3ae7e78f473f
05c15eb6-2c83-46dc-b6c8-abfdc62aa0aa	5f892a80-e9d3-4523-bb68-902231bd1cb6
05c15eb6-2c83-46dc-b6c8-abfdc62aa0aa	1ab53133-9ef8-4745-9e04-d822e246cda3
05c15eb6-2c83-46dc-b6c8-abfdc62aa0aa	8d227010-3cb6-4f40-bb8a-c22d20740400
05c15eb6-2c83-46dc-b6c8-abfdc62aa0aa	21570782-e39f-48d2-b1d4-79efe2d6d07b
05c15eb6-2c83-46dc-b6c8-abfdc62aa0aa	006a2014-e18f-46c7-87e3-628059b5a01e
f528b685-3f60-4769-980e-22cfd0f1b6bd	7e77b452-e8ad-44cd-94fa-408b3a44d1f8
888992e9-60f0-4ae8-a870-abe3028b8e48	68bb7bd4-c863-4d1e-bd35-df1df060be89
888992e9-60f0-4ae8-a870-abe3028b8e48	74aec660-3e88-4fa4-95a5-9b34ece7abcf
888992e9-60f0-4ae8-a870-abe3028b8e48	4e169718-e8d7-4893-b2f9-3e998c39673c
888992e9-60f0-4ae8-a870-abe3028b8e48	086ecdf0-d82b-4558-94d6-0a66de3e76d8
888992e9-60f0-4ae8-a870-abe3028b8e48	ecd19e31-7bb1-4fbe-81b6-7f1ac615d32b
888992e9-60f0-4ae8-a870-abe3028b8e48	4cd232e9-8f83-4a14-b604-3ae7e78f473f
888992e9-60f0-4ae8-a870-abe3028b8e48	8d227010-3cb6-4f40-bb8a-c22d20740400
888992e9-60f0-4ae8-a870-abe3028b8e48	21570782-e39f-48d2-b1d4-79efe2d6d07b
74f6f4e2-97b5-4eed-abf3-ccff6aedcda0	68bb7bd4-c863-4d1e-bd35-df1df060be89
74f6f4e2-97b5-4eed-abf3-ccff6aedcda0	4e169718-e8d7-4893-b2f9-3e998c39673c
74f6f4e2-97b5-4eed-abf3-ccff6aedcda0	086ecdf0-d82b-4558-94d6-0a66de3e76d8
74f6f4e2-97b5-4eed-abf3-ccff6aedcda0	722410a0-42af-4a06-b9aa-14d6cabfc275
74f6f4e2-97b5-4eed-abf3-ccff6aedcda0	f0b303fe-c26f-4ce2-af47-f5915f1b1ace
74f6f4e2-97b5-4eed-abf3-ccff6aedcda0	4cd232e9-8f83-4a14-b604-3ae7e78f473f
74f6f4e2-97b5-4eed-abf3-ccff6aedcda0	5f892a80-e9d3-4523-bb68-902231bd1cb6
74f6f4e2-97b5-4eed-abf3-ccff6aedcda0	006a2014-e18f-46c7-87e3-628059b5a01e
99939c12-5aff-42a4-ad09-085c1c1eb5ab	74aec660-3e88-4fa4-95a5-9b34ece7abcf
99939c12-5aff-42a4-ad09-085c1c1eb5ab	b506ab15-a2e8-4f7d-92e3-123762097a97
99939c12-5aff-42a4-ad09-085c1c1eb5ab	ecd19e31-7bb1-4fbe-81b6-7f1ac615d32b
99939c12-5aff-42a4-ad09-085c1c1eb5ab	7e77b452-e8ad-44cd-94fa-408b3a44d1f8
99939c12-5aff-42a4-ad09-085c1c1eb5ab	21570782-e39f-48d2-b1d4-79efe2d6d07b
99939c12-5aff-42a4-ad09-085c1c1eb5ab	154c296a-4c6d-49c6-8f9e-10346a4ab52f
418659bc-df81-480f-97be-32a210a09f41	b506ab15-a2e8-4f7d-92e3-123762097a97
418659bc-df81-480f-97be-32a210a09f41	21570782-e39f-48d2-b1d4-79efe2d6d07b
53467488-2a1a-4134-b49e-b31e41b971ff	68bb7bd4-c863-4d1e-bd35-df1df060be89
53467488-2a1a-4134-b49e-b31e41b971ff	b506ab15-a2e8-4f7d-92e3-123762097a97
53467488-2a1a-4134-b49e-b31e41b971ff	4e169718-e8d7-4893-b2f9-3e998c39673c
53467488-2a1a-4134-b49e-b31e41b971ff	086ecdf0-d82b-4558-94d6-0a66de3e76d8
53467488-2a1a-4134-b49e-b31e41b971ff	ecd19e31-7bb1-4fbe-81b6-7f1ac615d32b
53467488-2a1a-4134-b49e-b31e41b971ff	f0b303fe-c26f-4ce2-af47-f5915f1b1ace
53467488-2a1a-4134-b49e-b31e41b971ff	4cd232e9-8f83-4a14-b604-3ae7e78f473f
53467488-2a1a-4134-b49e-b31e41b971ff	5f892a80-e9d3-4523-bb68-902231bd1cb6
53467488-2a1a-4134-b49e-b31e41b971ff	1ab53133-9ef8-4745-9e04-d822e246cda3
53467488-2a1a-4134-b49e-b31e41b971ff	21570782-e39f-48d2-b1d4-79efe2d6d07b
53467488-2a1a-4134-b49e-b31e41b971ff	006a2014-e18f-46c7-87e3-628059b5a01e
5d7db019-0700-4bcd-84e3-458f2a204e42	8dc776b7-929f-4619-b6c7-7a31d7bb1bf8
5d7db019-0700-4bcd-84e3-458f2a204e42	68bb7bd4-c863-4d1e-bd35-df1df060be89
5d7db019-0700-4bcd-84e3-458f2a204e42	74aec660-3e88-4fa4-95a5-9b34ece7abcf
5d7db019-0700-4bcd-84e3-458f2a204e42	4e169718-e8d7-4893-b2f9-3e998c39673c
5d7db019-0700-4bcd-84e3-458f2a204e42	086ecdf0-d82b-4558-94d6-0a66de3e76d8
5d7db019-0700-4bcd-84e3-458f2a204e42	722410a0-42af-4a06-b9aa-14d6cabfc275
5d7db019-0700-4bcd-84e3-458f2a204e42	53fa1a51-fc52-467b-aa57-f2cd30aeb6ed
5d7db019-0700-4bcd-84e3-458f2a204e42	5f892a80-e9d3-4523-bb68-902231bd1cb6
5d7db019-0700-4bcd-84e3-458f2a204e42	1ab53133-9ef8-4745-9e04-d822e246cda3
5d7db019-0700-4bcd-84e3-458f2a204e42	8d227010-3cb6-4f40-bb8a-c22d20740400
5d7db019-0700-4bcd-84e3-458f2a204e42	21570782-e39f-48d2-b1d4-79efe2d6d07b
5d7db019-0700-4bcd-84e3-458f2a204e42	006a2014-e18f-46c7-87e3-628059b5a01e
2d4db448-77a6-488b-a047-5beb0e8b284a	68bb7bd4-c863-4d1e-bd35-df1df060be89
2d4db448-77a6-488b-a047-5beb0e8b284a	74aec660-3e88-4fa4-95a5-9b34ece7abcf
2d4db448-77a6-488b-a047-5beb0e8b284a	4e169718-e8d7-4893-b2f9-3e998c39673c
2d4db448-77a6-488b-a047-5beb0e8b284a	722410a0-42af-4a06-b9aa-14d6cabfc275
2d4db448-77a6-488b-a047-5beb0e8b284a	53fa1a51-fc52-467b-aa57-f2cd30aeb6ed
2d4db448-77a6-488b-a047-5beb0e8b284a	5f892a80-e9d3-4523-bb68-902231bd1cb6
4be0047a-55c1-4192-a93f-f3cc1fd9cd0e	085a657a-fe4c-40fb-a1c9-212ab8fe567d
4be0047a-55c1-4192-a93f-f3cc1fd9cd0e	4e169718-e8d7-4893-b2f9-3e998c39673c
4be0047a-55c1-4192-a93f-f3cc1fd9cd0e	722410a0-42af-4a06-b9aa-14d6cabfc275
4be0047a-55c1-4192-a93f-f3cc1fd9cd0e	ecd19e31-7bb1-4fbe-81b6-7f1ac615d32b
f66d6cc3-53e7-49cd-baa1-56993221ce56	b506ab15-a2e8-4f7d-92e3-123762097a97
f66d6cc3-53e7-49cd-baa1-56993221ce56	21570782-e39f-48d2-b1d4-79efe2d6d07b
c199192c-e68a-497e-980c-8ee732098ebf	b506ab15-a2e8-4f7d-92e3-123762097a97
c199192c-e68a-497e-980c-8ee732098ebf	21570782-e39f-48d2-b1d4-79efe2d6d07b
6adc928e-525f-415a-b0a6-35cf338ebda3	b506ab15-a2e8-4f7d-92e3-123762097a97
6adc928e-525f-415a-b0a6-35cf338ebda3	21570782-e39f-48d2-b1d4-79efe2d6d07b
cdcb9d06-0de3-4537-8360-f1210e02fb58	b506ab15-a2e8-4f7d-92e3-123762097a97
cdcb9d06-0de3-4537-8360-f1210e02fb58	21570782-e39f-48d2-b1d4-79efe2d6d07b
c59c24f6-3e23-4785-bfd9-7bb240c7ed37	b506ab15-a2e8-4f7d-92e3-123762097a97
c59c24f6-3e23-4785-bfd9-7bb240c7ed37	21570782-e39f-48d2-b1d4-79efe2d6d07b
1a037227-a841-4e98-b301-d415beebfac9	b506ab15-a2e8-4f7d-92e3-123762097a97
1a037227-a841-4e98-b301-d415beebfac9	21570782-e39f-48d2-b1d4-79efe2d6d07b
f7698e57-b899-414f-8116-bf480025c3e7	8dc776b7-929f-4619-b6c7-7a31d7bb1bf8
f7698e57-b899-414f-8116-bf480025c3e7	68bb7bd4-c863-4d1e-bd35-df1df060be89
f7698e57-b899-414f-8116-bf480025c3e7	085a657a-fe4c-40fb-a1c9-212ab8fe567d
f7698e57-b899-414f-8116-bf480025c3e7	74aec660-3e88-4fa4-95a5-9b34ece7abcf
f7698e57-b899-414f-8116-bf480025c3e7	b506ab15-a2e8-4f7d-92e3-123762097a97
f7698e57-b899-414f-8116-bf480025c3e7	4e169718-e8d7-4893-b2f9-3e998c39673c
f7698e57-b899-414f-8116-bf480025c3e7	086ecdf0-d82b-4558-94d6-0a66de3e76d8
f7698e57-b899-414f-8116-bf480025c3e7	25a9fe3f-40da-4166-98c0-93c88cade5ce
f7698e57-b899-414f-8116-bf480025c3e7	722410a0-42af-4a06-b9aa-14d6cabfc275
f7698e57-b899-414f-8116-bf480025c3e7	ecd19e31-7bb1-4fbe-81b6-7f1ac615d32b
f7698e57-b899-414f-8116-bf480025c3e7	53fa1a51-fc52-467b-aa57-f2cd30aeb6ed
f7698e57-b899-414f-8116-bf480025c3e7	f0b303fe-c26f-4ce2-af47-f5915f1b1ace
f7698e57-b899-414f-8116-bf480025c3e7	4cd232e9-8f83-4a14-b604-3ae7e78f473f
f7698e57-b899-414f-8116-bf480025c3e7	5f892a80-e9d3-4523-bb68-902231bd1cb6
f7698e57-b899-414f-8116-bf480025c3e7	1ab53133-9ef8-4745-9e04-d822e246cda3
f7698e57-b899-414f-8116-bf480025c3e7	8d227010-3cb6-4f40-bb8a-c22d20740400
f7698e57-b899-414f-8116-bf480025c3e7	7e77b452-e8ad-44cd-94fa-408b3a44d1f8
f7698e57-b899-414f-8116-bf480025c3e7	21570782-e39f-48d2-b1d4-79efe2d6d07b
f7698e57-b899-414f-8116-bf480025c3e7	154c296a-4c6d-49c6-8f9e-10346a4ab52f
f7698e57-b899-414f-8116-bf480025c3e7	2affa866-d9c6-421b-a86a-8911ae99cc09
f7698e57-b899-414f-8116-bf480025c3e7	006a2014-e18f-46c7-87e3-628059b5a01e
c1348636-47bf-4547-ab32-c123d5153eba	8dc776b7-929f-4619-b6c7-7a31d7bb1bf8
c1348636-47bf-4547-ab32-c123d5153eba	68bb7bd4-c863-4d1e-bd35-df1df060be89
c1348636-47bf-4547-ab32-c123d5153eba	085a657a-fe4c-40fb-a1c9-212ab8fe567d
c1348636-47bf-4547-ab32-c123d5153eba	74aec660-3e88-4fa4-95a5-9b34ece7abcf
c1348636-47bf-4547-ab32-c123d5153eba	4e169718-e8d7-4893-b2f9-3e998c39673c
c1348636-47bf-4547-ab32-c123d5153eba	086ecdf0-d82b-4558-94d6-0a66de3e76d8
c1348636-47bf-4547-ab32-c123d5153eba	722410a0-42af-4a06-b9aa-14d6cabfc275
c1348636-47bf-4547-ab32-c123d5153eba	ecd19e31-7bb1-4fbe-81b6-7f1ac615d32b
c1348636-47bf-4547-ab32-c123d5153eba	53fa1a51-fc52-467b-aa57-f2cd30aeb6ed
c1348636-47bf-4547-ab32-c123d5153eba	f0b303fe-c26f-4ce2-af47-f5915f1b1ace
c1348636-47bf-4547-ab32-c123d5153eba	4cd232e9-8f83-4a14-b604-3ae7e78f473f
c1348636-47bf-4547-ab32-c123d5153eba	5f892a80-e9d3-4523-bb68-902231bd1cb6
c1348636-47bf-4547-ab32-c123d5153eba	1ab53133-9ef8-4745-9e04-d822e246cda3
c1348636-47bf-4547-ab32-c123d5153eba	8d227010-3cb6-4f40-bb8a-c22d20740400
c1348636-47bf-4547-ab32-c123d5153eba	21570782-e39f-48d2-b1d4-79efe2d6d07b
c1348636-47bf-4547-ab32-c123d5153eba	006a2014-e18f-46c7-87e3-628059b5a01e
b6466291-7eff-4aea-9eb5-54615ce8dec7	8dc776b7-929f-4619-b6c7-7a31d7bb1bf8
b6466291-7eff-4aea-9eb5-54615ce8dec7	68bb7bd4-c863-4d1e-bd35-df1df060be89
b6466291-7eff-4aea-9eb5-54615ce8dec7	085a657a-fe4c-40fb-a1c9-212ab8fe567d
b6466291-7eff-4aea-9eb5-54615ce8dec7	74aec660-3e88-4fa4-95a5-9b34ece7abcf
b6466291-7eff-4aea-9eb5-54615ce8dec7	b506ab15-a2e8-4f7d-92e3-123762097a97
b6466291-7eff-4aea-9eb5-54615ce8dec7	4e169718-e8d7-4893-b2f9-3e998c39673c
b6466291-7eff-4aea-9eb5-54615ce8dec7	086ecdf0-d82b-4558-94d6-0a66de3e76d8
b6466291-7eff-4aea-9eb5-54615ce8dec7	722410a0-42af-4a06-b9aa-14d6cabfc275
b6466291-7eff-4aea-9eb5-54615ce8dec7	ecd19e31-7bb1-4fbe-81b6-7f1ac615d32b
b6466291-7eff-4aea-9eb5-54615ce8dec7	53fa1a51-fc52-467b-aa57-f2cd30aeb6ed
b6466291-7eff-4aea-9eb5-54615ce8dec7	f0b303fe-c26f-4ce2-af47-f5915f1b1ace
b6466291-7eff-4aea-9eb5-54615ce8dec7	4cd232e9-8f83-4a14-b604-3ae7e78f473f
b6466291-7eff-4aea-9eb5-54615ce8dec7	5f892a80-e9d3-4523-bb68-902231bd1cb6
b6466291-7eff-4aea-9eb5-54615ce8dec7	1ab53133-9ef8-4745-9e04-d822e246cda3
b6466291-7eff-4aea-9eb5-54615ce8dec7	8d227010-3cb6-4f40-bb8a-c22d20740400
b6466291-7eff-4aea-9eb5-54615ce8dec7	21570782-e39f-48d2-b1d4-79efe2d6d07b
b6466291-7eff-4aea-9eb5-54615ce8dec7	006a2014-e18f-46c7-87e3-628059b5a01e
e82fd79d-c635-46be-8885-eb558977bc3f	68bb7bd4-c863-4d1e-bd35-df1df060be89
e82fd79d-c635-46be-8885-eb558977bc3f	085a657a-fe4c-40fb-a1c9-212ab8fe567d
e82fd79d-c635-46be-8885-eb558977bc3f	4e169718-e8d7-4893-b2f9-3e998c39673c
e82fd79d-c635-46be-8885-eb558977bc3f	086ecdf0-d82b-4558-94d6-0a66de3e76d8
e82fd79d-c635-46be-8885-eb558977bc3f	722410a0-42af-4a06-b9aa-14d6cabfc275
e82fd79d-c635-46be-8885-eb558977bc3f	ecd19e31-7bb1-4fbe-81b6-7f1ac615d32b
e82fd79d-c635-46be-8885-eb558977bc3f	f0b303fe-c26f-4ce2-af47-f5915f1b1ace
e82fd79d-c635-46be-8885-eb558977bc3f	4cd232e9-8f83-4a14-b604-3ae7e78f473f
e82fd79d-c635-46be-8885-eb558977bc3f	5f892a80-e9d3-4523-bb68-902231bd1cb6
e82fd79d-c635-46be-8885-eb558977bc3f	006a2014-e18f-46c7-87e3-628059b5a01e
818062fb-fc24-4a72-8c4c-b37e767fff2d	68bb7bd4-c863-4d1e-bd35-df1df060be89
818062fb-fc24-4a72-8c4c-b37e767fff2d	4e169718-e8d7-4893-b2f9-3e998c39673c
818062fb-fc24-4a72-8c4c-b37e767fff2d	086ecdf0-d82b-4558-94d6-0a66de3e76d8
818062fb-fc24-4a72-8c4c-b37e767fff2d	722410a0-42af-4a06-b9aa-14d6cabfc275
818062fb-fc24-4a72-8c4c-b37e767fff2d	f0b303fe-c26f-4ce2-af47-f5915f1b1ace
818062fb-fc24-4a72-8c4c-b37e767fff2d	4cd232e9-8f83-4a14-b604-3ae7e78f473f
818062fb-fc24-4a72-8c4c-b37e767fff2d	5f892a80-e9d3-4523-bb68-902231bd1cb6
818062fb-fc24-4a72-8c4c-b37e767fff2d	006a2014-e18f-46c7-87e3-628059b5a01e
c1811c51-f277-4e23-9446-2c34ef1cdd42	8dc776b7-929f-4619-b6c7-7a31d7bb1bf8
c1811c51-f277-4e23-9446-2c34ef1cdd42	68bb7bd4-c863-4d1e-bd35-df1df060be89
c1811c51-f277-4e23-9446-2c34ef1cdd42	085a657a-fe4c-40fb-a1c9-212ab8fe567d
c1811c51-f277-4e23-9446-2c34ef1cdd42	74aec660-3e88-4fa4-95a5-9b34ece7abcf
c1811c51-f277-4e23-9446-2c34ef1cdd42	b506ab15-a2e8-4f7d-92e3-123762097a97
c1811c51-f277-4e23-9446-2c34ef1cdd42	4e169718-e8d7-4893-b2f9-3e998c39673c
c1811c51-f277-4e23-9446-2c34ef1cdd42	086ecdf0-d82b-4558-94d6-0a66de3e76d8
c1811c51-f277-4e23-9446-2c34ef1cdd42	722410a0-42af-4a06-b9aa-14d6cabfc275
c1811c51-f277-4e23-9446-2c34ef1cdd42	ecd19e31-7bb1-4fbe-81b6-7f1ac615d32b
c1811c51-f277-4e23-9446-2c34ef1cdd42	53fa1a51-fc52-467b-aa57-f2cd30aeb6ed
c1811c51-f277-4e23-9446-2c34ef1cdd42	f0b303fe-c26f-4ce2-af47-f5915f1b1ace
c1811c51-f277-4e23-9446-2c34ef1cdd42	4cd232e9-8f83-4a14-b604-3ae7e78f473f
c1811c51-f277-4e23-9446-2c34ef1cdd42	5f892a80-e9d3-4523-bb68-902231bd1cb6
c1811c51-f277-4e23-9446-2c34ef1cdd42	1ab53133-9ef8-4745-9e04-d822e246cda3
c1811c51-f277-4e23-9446-2c34ef1cdd42	8d227010-3cb6-4f40-bb8a-c22d20740400
c1811c51-f277-4e23-9446-2c34ef1cdd42	7e77b452-e8ad-44cd-94fa-408b3a44d1f8
c1811c51-f277-4e23-9446-2c34ef1cdd42	21570782-e39f-48d2-b1d4-79efe2d6d07b
c1811c51-f277-4e23-9446-2c34ef1cdd42	154c296a-4c6d-49c6-8f9e-10346a4ab52f
c1811c51-f277-4e23-9446-2c34ef1cdd42	006a2014-e18f-46c7-87e3-628059b5a01e
a9cb5abf-e840-4d5e-adcd-709d8a857243	b506ab15-a2e8-4f7d-92e3-123762097a97
a9cb5abf-e840-4d5e-adcd-709d8a857243	21570782-e39f-48d2-b1d4-79efe2d6d07b
5ef1d4a1-33e0-4b21-816e-8e2bbfd3d61f	b506ab15-a2e8-4f7d-92e3-123762097a97
5ef1d4a1-33e0-4b21-816e-8e2bbfd3d61f	21570782-e39f-48d2-b1d4-79efe2d6d07b
a07d3c78-b593-434d-843d-448cff650781	68bb7bd4-c863-4d1e-bd35-df1df060be89
a07d3c78-b593-434d-843d-448cff650781	4e169718-e8d7-4893-b2f9-3e998c39673c
a07d3c78-b593-434d-843d-448cff650781	086ecdf0-d82b-4558-94d6-0a66de3e76d8
89eaccb4-3ccf-4669-ba3b-2de60c0be823	b506ab15-a2e8-4f7d-92e3-123762097a97
89eaccb4-3ccf-4669-ba3b-2de60c0be823	21570782-e39f-48d2-b1d4-79efe2d6d07b
ea5a618d-4e71-4539-9d7d-dfc21d330748	8dc776b7-929f-4619-b6c7-7a31d7bb1bf8
ea5a618d-4e71-4539-9d7d-dfc21d330748	68bb7bd4-c863-4d1e-bd35-df1df060be89
ea5a618d-4e71-4539-9d7d-dfc21d330748	085a657a-fe4c-40fb-a1c9-212ab8fe567d
ea5a618d-4e71-4539-9d7d-dfc21d330748	74aec660-3e88-4fa4-95a5-9b34ece7abcf
ea5a618d-4e71-4539-9d7d-dfc21d330748	b506ab15-a2e8-4f7d-92e3-123762097a97
ea5a618d-4e71-4539-9d7d-dfc21d330748	4e169718-e8d7-4893-b2f9-3e998c39673c
ea5a618d-4e71-4539-9d7d-dfc21d330748	086ecdf0-d82b-4558-94d6-0a66de3e76d8
ea5a618d-4e71-4539-9d7d-dfc21d330748	ecd19e31-7bb1-4fbe-81b6-7f1ac615d32b
ea5a618d-4e71-4539-9d7d-dfc21d330748	53fa1a51-fc52-467b-aa57-f2cd30aeb6ed
ea5a618d-4e71-4539-9d7d-dfc21d330748	f0b303fe-c26f-4ce2-af47-f5915f1b1ace
ea5a618d-4e71-4539-9d7d-dfc21d330748	4cd232e9-8f83-4a14-b604-3ae7e78f473f
ea5a618d-4e71-4539-9d7d-dfc21d330748	5f892a80-e9d3-4523-bb68-902231bd1cb6
ea5a618d-4e71-4539-9d7d-dfc21d330748	1ab53133-9ef8-4745-9e04-d822e246cda3
ea5a618d-4e71-4539-9d7d-dfc21d330748	8d227010-3cb6-4f40-bb8a-c22d20740400
ea5a618d-4e71-4539-9d7d-dfc21d330748	21570782-e39f-48d2-b1d4-79efe2d6d07b
ea5a618d-4e71-4539-9d7d-dfc21d330748	006a2014-e18f-46c7-87e3-628059b5a01e
eda7d132-194d-42c8-9556-b6a8c558301b	68bb7bd4-c863-4d1e-bd35-df1df060be89
eda7d132-194d-42c8-9556-b6a8c558301b	74aec660-3e88-4fa4-95a5-9b34ece7abcf
eda7d132-194d-42c8-9556-b6a8c558301b	4e169718-e8d7-4893-b2f9-3e998c39673c
eda7d132-194d-42c8-9556-b6a8c558301b	086ecdf0-d82b-4558-94d6-0a66de3e76d8
eda7d132-194d-42c8-9556-b6a8c558301b	722410a0-42af-4a06-b9aa-14d6cabfc275
eda7d132-194d-42c8-9556-b6a8c558301b	ecd19e31-7bb1-4fbe-81b6-7f1ac615d32b
eda7d132-194d-42c8-9556-b6a8c558301b	53fa1a51-fc52-467b-aa57-f2cd30aeb6ed
eda7d132-194d-42c8-9556-b6a8c558301b	4cd232e9-8f83-4a14-b604-3ae7e78f473f
eda7d132-194d-42c8-9556-b6a8c558301b	5f892a80-e9d3-4523-bb68-902231bd1cb6
eda7d132-194d-42c8-9556-b6a8c558301b	8d227010-3cb6-4f40-bb8a-c22d20740400
eda7d132-194d-42c8-9556-b6a8c558301b	21570782-e39f-48d2-b1d4-79efe2d6d07b
eda7d132-194d-42c8-9556-b6a8c558301b	006a2014-e18f-46c7-87e3-628059b5a01e
821a63ec-0a6f-4f7a-9f35-f214c2e45916	8dc776b7-929f-4619-b6c7-7a31d7bb1bf8
821a63ec-0a6f-4f7a-9f35-f214c2e45916	68bb7bd4-c863-4d1e-bd35-df1df060be89
821a63ec-0a6f-4f7a-9f35-f214c2e45916	085a657a-fe4c-40fb-a1c9-212ab8fe567d
821a63ec-0a6f-4f7a-9f35-f214c2e45916	74aec660-3e88-4fa4-95a5-9b34ece7abcf
821a63ec-0a6f-4f7a-9f35-f214c2e45916	b506ab15-a2e8-4f7d-92e3-123762097a97
821a63ec-0a6f-4f7a-9f35-f214c2e45916	4e169718-e8d7-4893-b2f9-3e998c39673c
821a63ec-0a6f-4f7a-9f35-f214c2e45916	086ecdf0-d82b-4558-94d6-0a66de3e76d8
821a63ec-0a6f-4f7a-9f35-f214c2e45916	722410a0-42af-4a06-b9aa-14d6cabfc275
821a63ec-0a6f-4f7a-9f35-f214c2e45916	ecd19e31-7bb1-4fbe-81b6-7f1ac615d32b
821a63ec-0a6f-4f7a-9f35-f214c2e45916	53fa1a51-fc52-467b-aa57-f2cd30aeb6ed
821a63ec-0a6f-4f7a-9f35-f214c2e45916	f0b303fe-c26f-4ce2-af47-f5915f1b1ace
821a63ec-0a6f-4f7a-9f35-f214c2e45916	4cd232e9-8f83-4a14-b604-3ae7e78f473f
821a63ec-0a6f-4f7a-9f35-f214c2e45916	5f892a80-e9d3-4523-bb68-902231bd1cb6
821a63ec-0a6f-4f7a-9f35-f214c2e45916	1ab53133-9ef8-4745-9e04-d822e246cda3
821a63ec-0a6f-4f7a-9f35-f214c2e45916	8d227010-3cb6-4f40-bb8a-c22d20740400
821a63ec-0a6f-4f7a-9f35-f214c2e45916	21570782-e39f-48d2-b1d4-79efe2d6d07b
821a63ec-0a6f-4f7a-9f35-f214c2e45916	006a2014-e18f-46c7-87e3-628059b5a01e
8aecb222-2011-44fb-9beb-7c5446585f04	68bb7bd4-c863-4d1e-bd35-df1df060be89
8aecb222-2011-44fb-9beb-7c5446585f04	74aec660-3e88-4fa4-95a5-9b34ece7abcf
8aecb222-2011-44fb-9beb-7c5446585f04	4e169718-e8d7-4893-b2f9-3e998c39673c
34f2e631-15cf-41e2-a35d-508bf7d8b69b	b506ab15-a2e8-4f7d-92e3-123762097a97